Workbook

Sheet Notes
A1: SALA 2002
A2: Источник:
A3: Statistical Abstract of Latin America (vol 38, 2002), UCLA Latin America Center Publications, стр. 150-159
A5: Значения даны на середину календарного года
B7: Для Колумбии стоит два примечания: (а) на середину года и (б) на 24 октября календарного года.
B8: Это примечание является редакционной нестыковкой.
B9: 24 октября действительно является днём переписи Колумбии 1973 года; но это не универсальная дата всех колумбийских переписей:
B10: IPUMS указывает для Колумбии 1964 день переписи 15 июля, для 1973 — 24 октября, для 1985 — 15 октября.
B11: Оговорка про 24 октября, вероятно, унаследована от переписно-оценочных источников или от одной из колумбийских дат переписи,
B12: но в SALA 2002 она поставлена слишком широко.
B14: На пракитике следует считать ряд Колумбии mid-year series, как остальные страны.
B15: Сама таблица надёжно не объясняет статуса, а поздние сегменты SALA 2002 идут из IMF/UN-источников;
B16: UN Demographic Yearbook, в свою очередь, стандартно публикует mid-year estimates в соответствующих таблицах.
B18: Эффект сдвига в любом случае мал: 24 октября примерно на 115 дней позже 1 июля, то есть на 0.315 года.
B19: При росте 2–3% в год это даёт разницу порядка 0.6–1.0%.
B20: Для грубой демографической склейки это меньше многих межисточниковых расхождений SALA.
A22: Для Бразилии и Венецуэллы данные не включают туземное население в удалённых областях
A24: Для Эквадора данные не включают кочевое туземное население.
A26: Для Гватемалы, Перу и Уругвая данные выправлены на недоучёт.
A28: Исторические данные за 1900-1950 приведены по
A29: Statistical Abstract of Latin America, Supplement 3 (1974) "Statistics and National Policy", UCLA Latin American Center, стр. 173-187
A30: где они даны с дополнительным десятичным знаком
A31: далее по UN Demographic Yearbook, отдельные годы по UN Population Division и МВФ
A33: Исправленные опечаткт помечены синим фоном
A35: SALA 1974
A36: Источник:
A37: Statistical Abstract ofLatin America, Supplement 3 (1974) "Statistics and National Policy", UCLA Latin American Center, стр. 173-187
A38: Исправлена опечатка Парагвай 1966
... A43: Statistical Abstract ofLatin America, Supplement 3 (1974) "Statistics and National Policy", UCLA Latin American Center, стр. 186
B45: Источники:
B46: O. Andrew Collver, Birth Rates in Latin America: New Estimates of Historical Trends and Fluctuations, passim
B47: Nicolas Sanchez-Albornoz, The Population of Latin America, pp. 169 and 184 - data since 1930 are quoted from Centro Latinoamericano de Demograffa (CELADE), Boletfn Demografico V:10 (1972), pp. 4-5
B48: United Nations, World Population Prospects as Assessed in 1963 (New York: Department of Economic and Social Affairs, 1966), pp. 143-144
A50: WPP 2024 начало года
A51: WPP 2024 середина года
B53: Численность населения по UN WPP 2024
A55: SALA WPP 2024 199x
A56: Склейка данных из SALA 1974/SALA 2002 c данными "WPP 2024 середина года" c соединением в 1995-2000
A58: SALA WPP 2024 195x
A59: Склейка данных из SALA 1974 c данными "WPP 2024 середина года" c соединением в 1950-1960
A61: CEPAL
B62: 1920-1945
B63: Boletín demográfico. Año 7, no. 14, Jul 1974, стр. 9
B66: 1950-2020
B67: "Demographic Observatory : Latin America and the Caribbean 2020", UN ECLAC/CEPAL, стр. 32-33
B68: Численность населения (оба пола) в 1950-2020 (с шагом 5 лет), на середину года
A70: CEPAL годовые
B72: Разложение страницы CEPAL на годовые величины.
B73: Интерполяция сплайном (программа RTSS SplineData).
A75: SALA WPP 195x и Бриньоли
B77: Арифметическое среднее между SALA WPP 2024 195x и Бриньоли.
B78: Венесуэла с 2001 -- по WPP.

Sheet SALA 1974
A1: год | B1: Аргентина | C1: Боливия | D1: Бразилия | E1: Чили | F1: Колумбия | G1: Коста-Рика | H1: Куба | I1: Доминиканская республика | J1: Эквадор | K1: Эль-Сальвадор | L1: Гватемала | M1: Гаити | N1: Гондурас | O1: Мексика | P1: Никарагуа | Q1: Панама | R1: Парагвай | S1: Перу | T1: Уругвай | U1: Венецуэлла
A2: 1900 | B2: 4607 | C2: 1766 | D2: 17984 | E2: 2959 | F2: 3894 | G2: 307 | H2: 1600 | I2: 600 | J2: 1300 | K2: 801 | L2: 885 | M2: 1250 | N2: 420 | O2: 13607 | P2: 420 | Q2: 263 | R2: 490 | S2: 3000 | T2: 963 | U2: 2445
A3: =A2+1 -> 1901 | B3: 4741 | C3: 1785 | D3: 18392 | E3: 2994 | F3: 3944 | G3: 313 | H3: 1679 | I3: 614 | J3: 1312 | K3: 819 | L3: 910 | M3: 1294 | N3: 436 | O3: 13755 | P3: 434 | Q3: 270 | R3: 506 | S3: 3100 | T3: 965 | U3: 2451
A4: =A3+1 -> 1902 | B4: 4872 | C4: 1803 | D4: 18782 | E4: 3030 | F4: 3994 | G4: 318 | H4: 1758 | I4: 628 | J4: 1324 | K4: 838 | L4: 936 | M4: 1338 | N4: 452 | O4: 13905 | P4: 448 | Q4: 276 | R4: 522 | S4: 3200 | T4: 990 | U4: 2458
A5: =A4+1 -> 1903 | B5: 4976 | C5: 1822 | D5: 19180 | E5: 3066 | F5: 4044 | G5: 324 | H5: 1837 | I5: 642 | J5: 1336 | K5: 856 | L5: 961 | M5: 1381 | N5: 468 | O5: 14065 | P5: 462 | Q5: 283 | R5: 539 | S5: 3300 | T5: 1019 | U5: 2465
A6: =A5+1 -> 1904 | B6: 5104 | C6: 1840 | D6: 19587 | E6: 3102 | F6: 4094 | G6: 330 | H6: 1879 | I6: 656 | J6: 1348 | K6: 874 | L6: 987 | M6: 1425 | N6: 484 | O6: 14208 | P6: 477 | Q6: 290 | R6: 555 | S6: 3400 | T6: 1038 | U6: 2471
A7: =A6+1 -> 1905 | B7: 5290 | C7: 1859 | D7: 20003 | E7: 3139 | F7: 4144 | G7: 336 | H7: 1927 | I7: 670 | J7: 1360 | K7: 893 | L7: 1013 | M7: 1468 | N7: 500 | O7: 14363 | P7: 491 | Q7: 297 | R7: 571 | S7: 3500 | T7: 1071 | U7: 2492
A8: =A7+1 -> 1906 | B8: 5524 | C8: 1877 | D8: 20427 | E8: 3176 | F8: 4277 | G8: 341 | H8: 1979 | I8: 684 | J8: 1372 | K8: 911 | L8: 1029 | M8: 1512 | N8: 511 | O8: 14519 | P8: 505 | Q8: 304 | R8: 580 | S8: 3600 | T8: 1103 | U8: 2512
A9: =A8+1 -> 1907 | B9: 5822 | C9: 1896 | D9: 20860 | E9: 3213 | F9: 4409 | G9: 347 | H9: 2034 | I9: 698 | J9: 1384 | K9: 929 | L9: 1046 | M9: 1555 | N9: 521 | O9: 14677 | P9: 515 | Q9: 311 | R9: 590 | S9: 3700 | T9: 1141 | U9: 2532
A10: =A9+1 -> 1908 | B10: 6145 | C10: 1914 | D10: 21303 | E10: 3253 | F10: 4542 | G10: 353 | H10: 2092 | I10: 712 | J10: 1396 | K10: 948 | L10: 1062 | M10: 1559 | N10: 532 | O10: 14836 | P10: 524 | Q10: 318 | R10: 600 | S10: 3800 | T10: 1054 | U10: 2554
A11: =A10+1 -> 1909 | B11: 6432 | C11: 1933 | D11: 21754 | E11: 3294 | F11: 4674 | G11: 358 | H11: 2154 | I11: 726 | J11: 1408 | K11: 966 | L11: 1079 | M11: 1643 | N11: 542 | O11: 14997 | P11: 534 | Q11: 325 | R11: 610 | S11: 3900 | T11: 1095 | U11: 2575
A12: =A11+1 -> 1910 | B12: 6799 | C12: 1951 | D12: 22216 | E12: 3336 | F12: 4807 | G12: 364 | H12: 2219 | I12: 740 | J12: 1421 | K12: 985 | L12: 1096 | M12: 1687 | N12: 553 | O12: 15160 | P12: 543 | Q12: 332 | R12: 620 | S12: 4000 | T12: 1132 | U12: 2596
A13: =A12+1 -> 1911 | B13: 7070 | C13: 1970 | D13: 22687 | E13: 3378 | F13: 4940 | G13: 370 | H13: 2287 | I13: 753 | J13: 1433 | K13: 1003 | L13: 1119 | M13: 1730 | N13: 562 | O13: 15333 | P13: 553 | Q13: 339 | R13: 630 | S13: 4100 | T13: 1178 | U13: 2612
A14: =A13+1 -> 1912 | B14: 7467 | C14: 1988 | D14: 23168 | E14: 3421 | F14: 5072 | G14: 375 | H14: 2358 | I14: 767 | J14: 1445 | K14: 1021 | L14: 1142 | M14: 1774 | N14: 571 | O14: 15508 | P14: 562 | Q14: 352 | R14: 640 | S14: 4187 | T14: 1226 | U14: 2639
... A74: =A73+1 -> 1972 | B74: 24745 | C74: 4894 | D74: 99201 | E74: 10498 | F74: 22490 | G74: 1901 | H74: 8636 | I74: 4595 | J74: 6302 | K74: 3647 | L74: 5375 | M74: 5070 | N74: 2946 | O74: 52641 | P74: 2231 | Q74: 1520 | R74: 2428 | S74: 14456 | T74: 2865 | U74: 11170
A76: notes:
A78: Боливия: включает оценку живущих в джунглях
A80: Колумбия:
B81: The 1905 census has been the subject of controversy; for discussion which accepts a revised estimate of 4355, see J de D Higuita, "Estudio Historico Anali'tico de la Poblacion Colombiana en 170 Anos,” Anales de Economia Estadistica; Boletin de la Contraloria General 3:2 (April 1940), Suplemento (published by Colombia, Contraloria General, Direccion Nacional de Estadistica). In any case, total excludes Panama.
B82: The 1928 census was not accepted by the Colombian National Congress because census was believed to be inflated for certain civil divisions.
A84: Панама:
B85: Excluding Canal Zone; including estimates for jungle Indians.

Sheet SALA 2002
A1: год | B1: Аргентина | C1: Боливия | D1: Бразилия | E1: Чили | F1: Колумбия | G1: Коста-Рика | H1: Куба | I1: Доминиканская республика | J1: Эквадор | K1: Эль-Сальвадор | L1: Гватемала | M1: Гаити | N1: Гондурас | O1: Мексика | P1: Никарагуа | Q1: Панама | R1: Парагвай | S1: Перу | T1: Уругвай | U1: Венецуэлла
A2: 1900 | B2: 4.61 | C2: 1.77 | D2: 17.98 | E2: 2.96 | F2: 3.89 | G2: 0.31 | H2: 1.6 | I2: 0.6 | J2: 1.3 | K2: 0.8 | L2: 0.89 | M2: 1.25 | N2: 0.42 | O2: 13.61 | P2: 0.42 | Q2: 0.26 | R2: 0.49 | S2: 3 | T2: 0.96 | U2: 2.45
A3: =A2+1 -> 1901 | B3: 4.74 | C3: 1.79 | D3: 18.39 | E3: 2.99 | F3: 3.94 | G3: 0.31 | H3: 1.68 | I3: 0.61 | J3: 1.31 | K3: 0.82 | L3: 0.91 | M3: 1.29 | N3: 0.44 | O3: 13.76 | P3: 0.43 | Q3: 0.27 | R3: 0.51 | S3: 3.1 | T3: 0.97 | U3: 2.45
A4: =A3+1 -> 1902 | B4: 4.87 | C4: 1.8 | D4: 18.78 | E4: 3.03 | F4: 3.99 | G4: 0.32 | H4: 1.76 | I4: 0.63 | J4: 1.32 | K4: 0.84 | L4: 0.94 | M4: 1.34 | N4: 0.45 | O4: 13.91 | P4: 0.45 | Q4: 0.28 | R4: 0.52 | S4: 3.2 | T4: 0.99 | U4: 2.46
A5: =A4+1 -> 1903 | B5: 4.98 | C5: 1.82 | D5: 19.18 | E5: 3.07 | F5: 4.04 | G5: 0.32 | H5: 1.84 | I5: 0.64 | J5: 1.34 | K5: 0.86 | L5: 0.96 | M5: 1.38 | N5: 0.47 | O5: 14.07 | P5: 0.46 | Q5: 0.28 | R5: 0.54 | S5: 3.3 | T5: 1.02 | U5: 2.47
A6: =A5+1 -> 1904 | B6: 5.1 | C6: 1.84 | D6: 19.58 | E6: 3.1 | F6: 4.09 | G6: 0.33 | H6: 1.88 | I6: 0.66 | J6: 1.35 | K6: 0.87 | L6: 0.99 | M6: 1.43 | N6: 0.48 | O6: 14.21 | P6: 0.48 | Q6: 0.29 | R6: 0.56 | S6: 3.4 | T6: 1.04 | U6: 2.47
A7: =A6+1 -> 1905 | B7: 5.29 | C7: 1.86 | D7: 20 | E7: 3.14 | F7: 4.14 | G7: 0.34 | H7: 1.93 | I7: 0.67 | J7: 1.36 | K7: 0.89 | L7: 1.01 | M7: 1.47 | N7: 0.5 | O7: 14.36 | P7: 0.49 | Q7: 0.3 | R7: 0.57 | S7: 3.5 | T7: 1.07 | U7: 2.49
A8: =A7+1 -> 1906 | B8: 5.52 | C8: 1.88 | D8: 20.43 | E8: 3.18 | F8: 4.28 | G8: 0.34 | H8: 1.98 | I8: 0.68 | J8: 1.37 | K8: 0.91 | L8: 1.03 | M8: 1.51 | N8: 0.51 | O8: 14.52 | P8: 0.51 | Q8: 0.3 | R8: 0.58 | S8: 3.6 | T8: 1.1 | U8: 2.51
A9: =A8+1 -> 1907 | B9: 5.82 | C9: 1.9 | D9: 20.86 | E9: 3.21 | F9: 4.41 | G9: 0.35 | H9: 2.03 | I9: 0.7 | J9: 1.38 | K9: 0.93 | L9: 1.05 | M9: 1.56 | N9: 0.52 | O9: 14.68 | P9: 0.52 | Q9: 0.31 | R9: 0.59 | S9: 3.7 | T9: 1.14 | U9: 2.53
A10: =A9+1 -> 1908 | B10: 6.15 | C10: 1.91 | D10: 21.3 | E10: 3.25 | F10: 4.54 | G10: 0.35 | H10: 2.09 | I10: 0.71 | J10: 1.4 | K10: 0.95 | L10: 1.06 | M10: 1.56 | N10: 0.53 | O10: 14.84 | P10: 0.52 | Q10: 0.32 | R10: 0.6 | S10: 3.8 | T10: 1.05 | U10: 2.55
A11: =A10+1 -> 1909 | B11: 6.43 | C11: 1.93 | D11: 21.75 | E11: 3.29 | F11: 4.67 | G11: 0.36 | H11: 2.15 | I11: 0.73 | J11: 1.41 | K11: 0.97 | L11: 1.08 | M11: 1.64 | N11: 0.54 | O11: 15 | P11: 0.53 | Q11: 0.33 | R11: 0.61 | S11: 3.9 | T11: 1.1 | U11: 2.57
A12: =A11+1 -> 1910 | B12: 6.8 | C12: 1.95 | D12: 22.22 | E12: 3.34 | F12: 4.81 | G12: 0.36 | H12: 2.22 | I12: 0.74 | J12: 1.42 | K12: 0.99 | L12: 1.1 | M12: 1.69 | N12: 0.55 | O12: 15.16 | P12: 0.54 | Q12: 0.33 | R12: 0.62 | S12: 4 | T12: 1.13 | U12: 2.6
A13: =A12+1 -> 1911 | B13: 7.07 | C13: 1.97 | D13: 22.69 | E13: 3.38 | F13: 4.94 | G13: 0.37 | H13: 2.29 | I13: 0.75 | J13: 1.43 | K13: 1 | L13: 1.12 | M13: 1.73 | N13: 0.56 | O13: 15.33 | P13: 0.55 | Q13: 0.34 | R13: 0.63 | S13: 4.1 | T13: 1.18 | U13: 2.61
A14: =A13+1 -> 1912 | B14: 7.47 | C14: 1.98 | D14: 23.17 | E14: 3.42 | F14: 5.07 | G14: 0.38 | H14: 2.36 | I14: 0.77 | J14: 1.45 | K14: 1.02 | L14: 1.14 | M14: 1.77 | N14: 0.57 | O14: 15.51 | P14: 0.56 | Q14: 0.35 | R14: 0.64 | S14: 4.19 | T14: 1.23 | U14: 2.64
... A102: =A101+1 -> 2000 | B102: 37.03 | C102: 8.33 | D102: 170.12 | E102: 15.21 | F102: 42.32 | G102: 4.02 | H102: 11.2 | I102: 8.5 | J102: 12.65 | K102: 6.28 | L102: 11.38 | M102: 8.22 | N102: 6.48 | O102: 98.88 | P102: 5.07 | Q102: 2.86 | R102: 5.5 | S102: 25.66 | T102: 3.34 | U102: 24.17

Sheet SALA Alt
B1: 1900 | C1: 1900 | D1: 1910 | E1: 1920 | F1: 1920 | G1: 1930 | H1: 1930 | I1: 1930 | J1: 1940 | K1: 1940 | L1: 1940 | M1: 1950 | N1: 1950 | O1: 1950 | P1: 1960 | Q1: 1960 | R1: 1960 | S1: 1970 | T1: 1970
A2: страна | B2: Collver | C2: SA | D2: Collver | E2: Collver | F2: WPP | G2: Collver | H2: SA | I2: WPP | J2: Collver | K2: SA | L2: WPP | M2: Collver | N2: SA | O2: WPP | P2: Collver | Q2: SA | R2: WPP | S2: SA | T2: WPP
A4: Латинская Америка | B4: 31247 | C4: 60059 | D4: 37981 | E4: 43789 | F4: 85595 | G4: 53672 | H4: 102889 | I4: 102899 | J4: 72735 | K4: 124194 | L4: 124445 | M4: 90345 | N4: 157296 | O4: 155967 | P4: 111489 | Q4: 206432 | R4: 205018 | S4: 274314 | T4: 271416
A5: Аргениина | B5: 4556 | C5: 4743 | D5: 6595 | E5: 8749 | F5: 8861 | G5: 11711 | H5: 11896 | I5: 11896 | J5: 13964 | K5: 14169 | L5: 14169 | M5: 16733 | N5: 17085 | O5: 17189 | P5: 20378 | Q5: 20850 | R5: 20956 | S5: 24352 | T5: 24784
A6: Боливия | C6: 1696 | F6: 1864 | H6: 2153 | I6: 2153 | J6: 2052 | K6: 2508 | L6: 2508 | M6: 2670 | N6: 3013 | O6: 3013 | P6: 3044 | Q6: 3696 | R6: 3696 | S6: 4658 | T6: 4658
A7: Бразилия | C7: 17318 | F7: 27554 | H7: 33568 | I7: 33718 | K7: 41233 | L7: 41525 | N7: 52328 | O7: 52328 | Q7: 70327 | R7: 70459 | S7: 93245 | T7: 93902
A8: Чили | B8: 2856 | C8: 2904 | D8: 3229 | E8: 3664 | F8: 3785 | G8: 4221 | H8: 4424 | I8: 4365 | J8: 4912 | K8: 5147 | L8: 5063 | M8: 5929 | N8: 6058 | O8: 6073 | P8: 7556 | Q8: 7683 | R8: 7627 | S8: 9117 | T8: 9753
A9: Колумбия | B9: 4100 | C9: 3825 | D9: 4850 | E9: 5840 | F9: 6089 | G9: 7260 | H9: 7350 | I9: 7280 | J9: 8950 | K9: 9077 | L9: 9097 | M9: 11200 | N9: 11629 | O9: 11679 | P9: 14735 | Q9: 15877 | R9: 15468 | S9: 22160 | T9: 20514
A10: Коста Рика | B10: 254 | C10: 285 | D10: 325 | E10: 399 | F10: 421 | G10: 501 | H10: 499 | I10: 499 | J10: 637 | K10: 619 | L10: 619 | M10: 841 | N10: 849 | O10: 801 | P10: 1202 | Q10: 1249 | R10: 1171 | S10: 1736 | T10: 1718
A11: Куба | B11: 1638 | C11: 1573 | D11: 2192 | E11: 2957 | F11: 2950 | G11: 3828 | H11: 3837 | I11: 3837 | J11: 4449 | K11: 4566 | L11: 4566 | M11: 5513 | N11: 5520 | O11: 5508 | Q11: 6819 | R11: 6797 | S11: 8341 | T11: 8307
A12: Доминиканская республика | C12: 700 | F12: 1140 | H12: 1400 | I12: 1400 | K12: 1759 | L12: 1759 | N12: 2303 | O12: 2243 | Q12: 3129 | R12: 3030 | S12: 4348 | T12: 4277
A13: Эквадор | C13: 1400 | E13: 1607 | F13: 1930 | G13: 1959 | H13: 2160 | I13: 2102 | J13: 2453 | K13: 2586 | L13: 2546 | M13: 3117 | N13: 3225 | O13: 3277 | P13: 4201 | Q13: 4323 | R13: 4355 | S13: 6028 | T13: 5819
A14: Эль Сальвадор | B14: 943 | C14: 932 | D14: 1075 | E14: 1161 | F14: 1168 | G14: 1328 | H14: 1443 | I14: 1350 | J14: 1540 | K14: 1633 | L14: 1550 | M14: 1869 | N14: 1922 | O14: 1868 | P14: 2500 | Q14: 2512 | R14: 2442 | S14: 3441 | T14: 3346
A15: Гватемала | B15: 1430 | C15: 1425 | D15: 1580 | E15: 1711 | F15: 1450 | G15: 2000 | H15: 1771 | I15: 1771 | J15: 2300 | K15: 2201 | L15: 2201 | M15: 2800 | N15: 3024 | O15: 2805 | P15: 3715 | Q15: 3965 | R15: 3765 | S15: 5282 | T15: 5033
A16: Гаита | C16: 1270 | F16: 2124 | H16: 2422 | I16: 2422 | K16: 2825 | L16: 2827 | N16: 3380 | O16: 3380 | Q16: 4138 | R16: 4140 | S16: 5229 | T16: 5255
A17: Гондурас | C17: 443 | D17: 575 | E17: 680 | F17: 783 | G17: 840 | H17: 948 | I17: 948 | J17: 1027 | K17: 1119 | L17: 1146 | M17: 1290 | N17: 1389 | O17: 1428 | P17: 1784 | Q17: 1849 | R17: 1838 | S17: 2583 | T17: 2592
A18: Мексика | B18: 13250 | C18: 13607 | D18: 15000 | E18: 14000 | F18: 14500 | G18: 16450 | H18: 16589 | I18: 16589 | J18: 19950 | K18: 19815 | L18: 19815 | M18: 25350 | N18: 26640 | O18: 25826 | P18: 34650 | Q18: 36046 | R18: 34988 | S18: 50718 | T18: 49282
A19: Никарагуа | C19: 448 | F19: 600 | H19: 742 | I19: 700 | K19: 893 | L19: 825 | N19: 1133 | O19: 1060 | Q19: 1501 | R19: 1403 | S19: 2021 | T19: 1979
A20: Панама | B20: 227 | D20: 277 | E20: 385 | F20: 447 | G20: 439 | H20: 502 | I20: 523 | J20: 557 | K20: 595 | L20: 620 | M20: 731 | N20: 765 | O20: 797 | P20: 991 | Q20: 1021 | R20: 1079 | S20: 1406 | T20: 1458
A21: Парагвай | C21: 440 | F21: 699 | H21: 880 | I21: 880 | K21: 1111 | L21: 1111 | N21: 1337 | O21: 1397 | Q21: 1740 | R21: 1720 | S21: 2419 | T21: 2233
A22: Перу | C22: 3791 | F22: 5313 | H22: 5651 | I22: 5752 | J22: 6160 | K22: 6681 | L22: 6784 | M22: 7370 | N22: 7968 | O22: 8096 | P22: 9502 | Q22: 10024 | R22: 10199 | S22: 13586 | T22: 13275
A23: Уругвай | C23: 915 | F23: 1479 | H23: 1734 | I23: 1713 | K23: 1947 | L23: 1974 | N23: 2198 | O23: 2195 | Q23: 2542 | R23: 2491 | S23: 2889 | T23: 2802
A24: Венецуэлла | B24: 1993 | C24: 2344 | D24: 2283 | E24: 2636 | F24: 2438 | G24: 3135 | H24: 2950 | I24: 2980 | J24: 3784 | K24: 3710 | L24: 3740 | M24: 4932 | N24: 5530 | O24: 5004 | P24: 7231 | Q24: 7141 | R24: 7394 | S24: 10755 | T24: 10429
A26: notes:
A28: SA = Sanchez-Albornoz
A29: Желтым цветом помечена неполная сумма по части стран
A30: Источники не указывают, включают ли они оценку населения в джунглях

Sheet WPP 2024 начало года
A1: год | B1: Аргентина | C1: Боливия | D1: Бразилия | E1: Чили | F1: Колумбия | G1: Коста-Рика | H1: Куба | I1: Доминиканская республика | J1: Эквадор | K1: Эль-Сальвадор | L1: Гватемала | M1: Гаити | N1: Гондурас | O1: Мексика | P1: Никарагуа | Q1: Панама | R1: Парагвай | S1: Перу | T1: Уругвай | U1: Венецуэлла
A2: 1950 | B2: 16849.7 | C2: 3067.1 | D2: 52620.4 | E2: 6566.6 | F2: 11614.8 | G2: 911.4 | H2: 5865.9 | I2: 2345.8 | J2: 3472.2 | K2: 2157.5 | L2: 3058.3 | M2: 3241.7 | N2: 1538.1 | O2: 27231.6 | P2: 1312.5 | Q2: 850.6 | R2: 1487.8 | S2: 7571.2 | T2: 2224.1 | U2: 5368.3
A3: 1951 | B3: 17186.4 | C3: 3112.9 | D3: 54196.7 | E3: 6690.6 | F3: 11919.1 | G3: 942.1 | H3: 5983.1 | I3: 2414 | J3: 3561.4 | K3: 2209.5 | L3: 3136.1 | M3: 3289.7 | N3: 1579.8 | O3: 27944.3 | P3: 1350.4 | Q3: 871.1 | R3: 1520.9 | S3: 7783.6 | T3: 2244.7 | U3: 5609.4
A4: 1952 | B4: 17526.5 | C4: 3161.7 | D4: 55841 | E4: 6822.7 | F4: 12238.5 | G4: 974.7 | H4: 6101.3 | I4: 2486.3 | J4: 3654.3 | K4: 2261.1 | L4: 3218.6 | M4: 3340.1 | N4: 1623.2 | O4: 28696.6 | P4: 1388.9 | Q4: 892.9 | R4: 1555 | S4: 8003.6 | T4: 2268.1 | U4: 5855.8
A5: 1953 | B5: 17871.2 | C5: 3213.3 | D5: 57548.8 | E5: 6961.2 | F5: 12573.2 | G5: 1008.9 | H5: 6223.1 | I5: 2563.8 | J5: 3750.5 | K5: 2314.8 | L5: 3304.7 | M5: 3392.4 | N5: 1668.5 | O5: 29483.7 | P5: 1429.1 | Q5: 916 | R5: 1590.2 | S5: 8229.7 | T5: 2294.1 | U5: 6106.9
A6: 1954 | B6: 18211.4 | C6: 3268.6 | D6: 59318.7 | E6: 7105.8 | F6: 12918.9 | G6: 1045.1 | H6: 6348.4 | I6: 2645.9 | J6: 3850 | K6: 2369.2 | L6: 3392.9 | M6: 3447.3 | N6: 1715.5 | O6: 30314.8 | P6: 1470.7 | Q6: 940.4 | R6: 1626.4 | S6: 8460.1 | T6: 2322 | U6: 6362.6
A7: 1955 | B7: 18551 | C7: 3327.1 | D7: 61151.5 | E7: 7255.3 | F7: 13282.8 | G7: 1083.1 | H7: 6477.3 | I7: 2732.3 | J7: 3953 | K7: 2426.5 | L7: 3485.3 | M7: 3503.8 | N7: 1764.2 | O7: 31191.2 | P7: 1513.8 | Q7: 965.8 | R7: 1663.4 | S7: 8698.6 | T7: 2351.7 | U7: 6623
A8: 1956 | B8: 18881 | C8: 3388.9 | D8: 63051.3 | E8: 7409.3 | F8: 13663.3 | G8: 1123 | H8: 6608.9 | I8: 2822.9 | J8: 4059.4 | K8: 2486.7 | L8: 3581.3 | M8: 3563.7 | N8: 1814.6 | O8: 32110 | P8: 1558.7 | Q8: 992.1 | R8: 1701.1 | S8: 8945.5 | T8: 2382.4 | U8: 6888.6
A9: 1957 | B9: 19218.9 | C9: 3453.8 | D9: 65016.7 | E9: 7569.8 | F9: 14060.3 | G9: 1164.7 | H9: 6743.2 | I9: 2917.1 | J9: 4169.7 | K9: 2549.6 | L9: 3681 | M9: 3625.9 | N9: 1866.7 | O9: 33065.9 | P9: 1605.3 | Q9: 1019.6 | R9: 1739.7 | S9: 9201.5 | T9: 2414.4 | U9: 7160
A10: 1958 | B10: 19547.2 | C10: 3521.4 | D10: 67046.3 | E10: 7732.8 | F10: 14480.2 | G10: 1208.5 | H10: 6880.3 | I10: 3014.4 | J10: 4284.1 | K10: 2615.4 | L10: 3784.4 | M10: 3689.7 | N10: 1920.5 | O10: 34059.5 | P10: 1653.7 | Q10: 1048.2 | R10: 1779.3 | S10: 9466.3 | T10: 2447.2 | U10: 7438.9
A11: 1959 | B11: 19881.3 | C11: 3591.7 | D11: 69138 | E11: 7899.1 | F11: 14906.3 | G11: 1254.6 | H11: 7020.3 | I11: 3114.3 | J11: 4402.9 | K11: 2681.9 | L11: 3889.6 | M11: 3755.7 | N11: 1975.8 | O11: 35090.6 | P11: 1703.8 | Q11: 1078.1 | R11: 1820 | S11: 9741 | T11: 2480.6 | U11: 7725.1
A12: 1960 | B12: 20217.9 | C12: 3664.6 | D12: 71290.9 | E12: 8067.7 | F12: 15366.1 | G12: 1302.6 | H12: 7164.4 | I12: 3216.3 | J12: 4526.6 | K12: 2753.1 | L12: 4003.4 | M12: 3823.7 | N12: 2032.8 | O12: 36163.9 | P12: 1755.7 | Q12: 1109.5 | R12: 1861.9 | S12: 10026.3 | T12: 2513.7 | U12: 8013.4
A13: 1961 | B13: 20554.2 | C13: 3740 | D13: 73485.3 | E13: 8239 | F13: 15846.3 | G13: 1352.4 | H13: 7311.8 | I13: 3320.3 | J13: 4655.2 | K13: 2829.8 | L13: 4123.9 | M13: 3893.2 | N13: 2091.3 | O13: 37285.3 | P13: 1809 | Q13: 1142.5 | R13: 1905.1 | S13: 10322 | T13: 2546.2 | U13: 8306.8
... A75: 2023 | B75: 45459 | C75: 12159.5 | D75: 210707 | E75: 19603.2 | F75: 52032.6 | G75: 5093 | H75: 11039.3 | I75: 11282.5 | J75: 17902 | K75: 6295.3 | L75: 17984.5 | M75: 11569.6 | N75: 10554.3 | O75: 129171.1 | P75: 6777.2 | Q75: 4430 | R75: 6801.5 | S75: 33656.3 | T75: 3388.7 | U75: 28250.8

Sheet WPP 2024 середина года
A1: год | B1: Аргентина | C1: Боливия | D1: Бразилия | E1: Чили | F1: Колумбия | G1: Коста-Рика | H1: Куба | I1: Доминиканская республика | J1: Эквадор | K1: Эль-Сальвадор | L1: Гватемала | M1: Гаити | N1: Гондурас | O1: Мексика | P1: Никарагуа | Q1: Панама | R1: Парагвай | S1: Перу | T1: Уругвай | U1: Венецуэлла
A2: 1950 | B2: 17018 | C2: 3090 | D2: 53408.6 | E2: 6628.6 | F2: 11767 | G2: 926.8 | H2: 5924.5 | I2: 2379.9 | J2: 3516.8 | K2: 2183.5 | L2: 3097.2 | M2: 3265.7 | N2: 1558.9 | O2: 27587.9 | P2: 1331.4 | Q2: 860.9 | R2: 1504.3 | S2: 7677.4 | T2: 2234.4 | U2: 5488.9
A3: 1951 | B3: 17356.5 | C3: 3137.3 | D3: 55018.9 | E3: 6756.7 | F3: 12078.8 | G3: 958.4 | H3: 6042.2 | I3: 2450.1 | J3: 3607.8 | K3: 2235.3 | L3: 3177.4 | M3: 3314.9 | N3: 1601.5 | O3: 28320.5 | P3: 1369.7 | Q3: 882 | R3: 1537.9 | S3: 7893.6 | T3: 2256.4 | U3: 5732.6
A4: 1952 | B4: 17698.9 | C4: 3187.5 | D4: 56694.9 | E4: 6892 | F4: 12405.8 | G4: 991.8 | H4: 6162.2 | I4: 2525 | J4: 3702.4 | K4: 2288 | L4: 3261.7 | M4: 3366.3 | N4: 1645.8 | O4: 29090.2 | P4: 1409 | Q4: 904.5 | R4: 1572.6 | S4: 8116.7 | T4: 2281.1 | U4: 5981.4
A5: 1953 | B5: 18041.3 | C5: 3241 | D5: 58433.8 | E5: 7033.5 | F5: 12746 | G5: 1027 | H5: 6285.7 | I5: 2604.8 | J5: 3800.3 | K5: 2342 | L5: 3348.8 | M5: 3419.8 | N5: 1692 | O5: 29899.2 | P5: 1449.9 | Q5: 928.2 | R5: 1608.3 | S5: 8344.9 | T5: 2308.1 | U5: 6234.8
A6: 1954 | B6: 18381.2 | C6: 3297.8 | D6: 60235.1 | E6: 7180.6 | F6: 13100.8 | G6: 1064.1 | H6: 6412.8 | I6: 2689.1 | J6: 3901.5 | K6: 2397.8 | L6: 3439.1 | M6: 3475.5 | N6: 1739.8 | O6: 30753 | P6: 1492.3 | Q6: 953.1 | R6: 1644.9 | S6: 8579.3 | T6: 2336.9 | U6: 6492.8
A7: 1955 | B7: 18716 | C7: 3358 | D7: 62101.4 | E7: 7332.3 | F7: 13473.1 | G7: 1103 | H7: 6543.1 | I7: 2777.6 | J7: 4006.2 | K7: 2456.6 | L7: 3533.3 | M7: 3533.7 | N7: 1789.4 | O7: 31650.6 | P7: 1536.2 | Q7: 979 | R7: 1682.3 | S7: 8822 | T7: 2367 | U7: 6755.8
A8: 1956 | B8: 19050 | C8: 3421.3 | D8: 64034 | E8: 7489.5 | F8: 13861.8 | G8: 1143.8 | H8: 6676.1 | I8: 2870 | J8: 4114.5 | K8: 2518.2 | L8: 3631.2 | M8: 3594.8 | N8: 1840.7 | O8: 32587.9 | P8: 1582 | Q8: 1005.9 | R8: 1720.4 | S8: 9073.5 | T8: 2398.4 | U8: 7024.3
A9: 1957 | B9: 19383 | C9: 3487.6 | D9: 66031.5 | E9: 7651.3 | F9: 14270.3 | G9: 1186.6 | H9: 6811.7 | I9: 2965.8 | J9: 4226.9 | K9: 2582.5 | L9: 3732.7 | M9: 3657.8 | N9: 1893.6 | O9: 33562.7 | P9: 1629.5 | Q9: 1033.9 | R9: 1759.5 | S9: 9333.9 | T9: 2430.8 | U9: 7299.4
A10: 1958 | B10: 19714.3 | C10: 3556.6 | D10: 68092.1 | E10: 7816 | F10: 14693.3 | G10: 1231.6 | H10: 6950.3 | I10: 3064.3 | J10: 4343.5 | K10: 2648.7 | L10: 3837 | M10: 3722.7 | N10: 1948.2 | O10: 34575.1 | P10: 1678.7 | Q10: 1063.2 | R10: 1799.6 | S10: 9603.6 | T10: 2463.9 | U10: 7582
A11: 1959 | B11: 20049.6 | C11: 3628.2 | D11: 70214.5 | E11: 7983.4 | F11: 15136.2 | G11: 1278.6 | H11: 7092.3 | I11: 3165.3 | J11: 4464.8 | K11: 2717.5 | L11: 3946.5 | M11: 3789.7 | N11: 2004.3 | O11: 35627.3 | P11: 1729.8 | Q11: 1093.8 | R11: 1841 | S11: 9883.7 | T11: 2497.1 | U11: 7869.2
A12: 1960 | B12: 20386 | C12: 3702.3 | D12: 72388.1 | E12: 8153.4 | F12: 15606.2 | G12: 1327.5 | H12: 7238.1 | I12: 3268.3 | J12: 4590.9 | K12: 2791.5 | L12: 4063.7 | M12: 3858.4 | N12: 2062.1 | O12: 36724.6 | P12: 1782.4 | Q12: 1126 | R12: 1883.5 | S12: 10174.1 | T12: 2530 | U12: 8160.1
A13: 1961 | B13: 20726.3 | C13: 3778.7 | D13: 74605.4 | E13: 8324.8 | F13: 16095.2 | G13: 1377.9 | H13: 7387.1 | I13: 3373.2 | J13: 4722.3 | K13: 2870 | L13: 4186.2 | M13: 3929 | N13: 2121.2 | O13: 37890.1 | P13: 1836.5 | Q13: 1159.9 | R13: 1927.4 | S13: 10475.1 | T13: 2562 | U13: 8455.9
... A75: 2023 | B75: 45538.4 | C75: 12244.2 | D75: 211140.7 | E75: 19658.8 | F75: 52321.2 | G75: 5105.5 | H75: 11019.9 | I75: 11331.3 | J75: 17980.1 | K75: 6309.6 | L75: 18124.8 | M75: 11637.4 | N75: 10644.9 | O75: 129739.8 | P75: 6823.6 | Q75: 4458.8 | R75: 6844.1 | S75: 33845.6 | T75: 3388.1 | U75: 28300.9

Sheet SALA WPP 2024 195x
A1: год | B1: Аргентина | C1: Боливия | D1: Бразилия | E1: Чили | F1: Колумбия | G1: Коста-Рика | H1: Куба | I1: Доминиканская республика | J1: Эквадор | K1: Эль-Сальвадор | L1: Гватемала | M1: Гаити | N1: Гондурас | O1: Мексика | P1: Никарагуа | Q1: Панама | R1: Парагвай | S1: Перу | T1: Уругвай | U1: Венецуэлла
A2: 1900 | B2: 4607 | C2: 1766 | D2: 17984 | E2: 2959 | F2: 3894 | G2: 307 | H2: 1600 | I2: 600 | J2: 1300 | K2: 801 | L2: 885 | M2: 1250 | N2: 420 | O2: 13607 | P2: 420 | Q2: 263 | R2: 490 | S2: 3000 | T2: 963 | U2: 2445
A3: 1901 | B3: 4741 | C3: 1785 | D3: 18392 | E3: 2994 | F3: 3944 | G3: 313 | H3: 1679 | I3: 614 | J3: 1312 | K3: 819 | L3: 910 | M3: 1294 | N3: 436 | O3: 13755 | P3: 434 | Q3: 270 | R3: 506 | S3: 3100 | T3: 965 | U3: 2451
A4: 1902 | B4: 4872 | C4: 1803 | D4: 18782 | E4: 3030 | F4: 3994 | G4: 318 | H4: 1758 | I4: 628 | J4: 1324 | K4: 838 | L4: 936 | M4: 1338 | N4: 452 | O4: 13905 | P4: 448 | Q4: 276 | R4: 522 | S4: 3200 | T4: 990 | U4: 2458
A5: 1903 | B5: 4976 | C5: 1822 | D5: 19180 | E5: 3066 | F5: 4044 | G5: 324 | H5: 1837 | I5: 642 | J5: 1336 | K5: 856 | L5: 961 | M5: 1381 | N5: 468 | O5: 14065 | P5: 462 | Q5: 283 | R5: 539 | S5: 3300 | T5: 1019 | U5: 2465
A6: 1904 | B6: 5104 | C6: 1840 | D6: 19587 | E6: 3102 | F6: 4094 | G6: 330 | H6: 1879 | I6: 656 | J6: 1348 | K6: 874 | L6: 987 | M6: 1425 | N6: 484 | O6: 14208 | P6: 477 | Q6: 290 | R6: 555 | S6: 3400 | T6: 1038 | U6: 2471
A7: 1905 | B7: 5290 | C7: 1859 | D7: 20003 | E7: 3139 | F7: 4144 | G7: 336 | H7: 1927 | I7: 670 | J7: 1360 | K7: 893 | L7: 1013 | M7: 1468 | N7: 500 | O7: 14363 | P7: 491 | Q7: 297 | R7: 571 | S7: 3500 | T7: 1071 | U7: 2492
A8: 1906 | B8: 5524 | C8: 1877 | D8: 20427 | E8: 3176 | F8: 4277 | G8: 341 | H8: 1979 | I8: 684 | J8: 1372 | K8: 911 | L8: 1029 | M8: 1512 | N8: 511 | O8: 14519 | P8: 505 | Q8: 304 | R8: 580 | S8: 3600 | T8: 1103 | U8: 2512
A9: 1907 | B9: 5822 | C9: 1896 | D9: 20860 | E9: 3213 | F9: 4409 | G9: 347 | H9: 2034 | I9: 698 | J9: 1384 | K9: 929 | L9: 1046 | M9: 1555 | N9: 521 | O9: 14677 | P9: 515 | Q9: 311 | R9: 590 | S9: 3700 | T9: 1141 | U9: 2532
A10: 1908 | B10: 6145 | C10: 1914 | D10: 21303 | E10: 3253 | F10: 4542 | G10: 353 | H10: 2092 | I10: 712 | J10: 1396 | K10: 948 | L10: 1062 | M10: 1559 | N10: 532 | O10: 14836 | P10: 524 | Q10: 318 | R10: 600 | S10: 3800 | T10: 1054 | U10: 2554
A11: 1909 | B11: 6432 | C11: 1933 | D11: 21754 | E11: 3294 | F11: 4674 | G11: 358 | H11: 2154 | I11: 726 | J11: 1408 | K11: 966 | L11: 1079 | M11: 1643 | N11: 542 | O11: 14997 | P11: 534 | Q11: 325 | R11: 610 | S11: 3900 | T11: 1095 | U11: 2575
A12: 1910 | B12: 6799 | C12: 1951 | D12: 22216 | E12: 3336 | F12: 4807 | G12: 364 | H12: 2219 | I12: 740 | J12: 1421 | K12: 985 | L12: 1096 | M12: 1687 | N12: 553 | O12: 15160 | P12: 543 | Q12: 332 | R12: 620 | S12: 4000 | T12: 1132 | U12: 2596
A13: 1911 | B13: 7070 | C13: 1970 | D13: 22687 | E13: 3378 | F13: 4940 | G13: 370 | H13: 2287 | I13: 753 | J13: 1433 | K13: 1003 | L13: 1119 | M13: 1730 | N13: 562 | O13: 15333 | P13: 553 | Q13: 339 | R13: 630 | S13: 4100 | T13: 1178 | U13: 2612
... A125: 2023 | B125: 45538.4 | C125: 12244.2 | D125: 211140.7 | E125: 19658.8 | F125: 52321.2 | G125: 5105.5 | H125: 11019.9 | I125: 11331.3 | J125: 17980.1 | K125: 6309.6 | L125: 18124.8 | M125: 11637.4 | N125: 10644.9 | O125: 129739.8 | P125: 6823.6 | Q125: 4458.8 | R125: 6844.1 | S125: 33845.6 | T125: 3388.1 | U125: 28300.9

Sheet SALA WPP 2024 199x
A1: год | B1: Аргентина | C1: Боливия | D1: Бразилия | E1: Чили | F1: Колумбия | G1: Коста-Рика | H1: Куба | I1: Доминиканская республика | J1: Эквадор | K1: Эль-Сальвадор | L1: Гватемала | M1: Гаити | N1: Гондурас | O1: Мексика | P1: Никарагуа | Q1: Панама | R1: Парагвай | S1: Перу | T1: Уругвай | U1: Венецуэлла
A2: 1900 | B2: =IF($A2<=1951,INDEX('SALA 1974'!$B:$U,MATCH($A2,'SALA 1974'!$A:$A,0),MATCH(B$1,'SALA 1974'!$B$1:$U$1,0)),IF($A2<=1994,1000*INDEX('SALA 2002'!$B:$U,MATCH($A2,'SALA 2002'!$A:$A,0),MATCH(B$1,'SALA 2002'!$B$1:$U$1,0)),IF($A2<=2000,1000*INDEX('SALA 2002'!$B:$U,MATCH($A2,'SALA 2002'!$A:$A,0),MATCH(B$1,'SALA 2002'!$B$1:$U$1,0))*POWER(INDEX('WPP 2024 середина года'!$B:$U,MATCH($A2,'WPP 2024 середина года'!$A:$A,0),MATCH(B$1,'WPP 2024 середина года'!$B$1:$U$1,0))/(1000*INDEX('SALA 2002'!$B:$U,MATCH($A2,'SALA 2002'!$A:$A,0),MATCH(B$1,'SALA 2002'!$B$1:$U$1,0))),($A2-1994)/7),INDEX('WPP 2024 середина года'!$B:$U,MATCH($A2,'WPP 2024 середина года'!$A:$A,0),MATCH(B$1,'WPP 2024 середина года'!$B$1:$U$1,0))))) -> 4607 | C2: =IF($A2<=1951,INDEX('SALA 1974'!$B:$U,MATCH($A2,'SALA 1974'!$A:$A,0),MATCH(C$1,'SALA 1974'!$B$1:$U$1,0)),IF($A2<=1994,1000*INDEX('SALA 2002'!$B:$U,MATCH($A2,'SALA 2002'!$A:$A,0),MATCH(C$1,'SALA 2002'!$B$1:$U$1,0)),IF($A2<=2000,1000*INDEX('SALA 2002'!$B:$U,MATCH($A2,'SALA 2002'!$A:$A,0),MATCH(C$1,'SALA 2002'!$B$1:$U$1,0))*POWER(INDEX('WPP 2024 середина года'!$B:$U,MATCH($A2,'WPP 2024 середина года'!$A:$A,0),MATCH(C$1,'WPP 2024 середина года'!$B$1:$U$1,0))/(1000*INDEX('SALA 2002'!$B:$U,MATCH($A2,'SALA 2002'!$A:$A,0),MATCH(C$1,'SALA 2002'!$B$1:$U$1,0))),($A2-1994)/7),INDEX('WPP 2024 середина года'!$B:$U,MATCH($A2,'WPP 2024 середина года'!$A:$A,0),MATCH(C$1,'WPP 2024 середина года'!$B$1:$U$1,0))))) -> 1766 | D2: =IF($A2<=1951,INDEX('SALA 1974'!$B:$U,MATCH($A2,'SALA 1974'!$A:$A,0),MATCH(D$1,'SALA 1974'!$B$1:$U$1,0)),IF($A2<=1994,1000*INDEX('SALA 2002'!$B:$U,MATCH($A2,'SALA 2002'!$A:$A,0),MATCH(D$1,'SALA 2002'!$B$1:$U$1,0)),IF($A2<=2000,1000*INDEX('SALA 2002'!$B:$U,MATCH($A2,'SALA 2002'!$A:$A,0),MATCH(D$1,'SALA 2002'!$B$1:$U$1,0))*POWER(INDEX('WPP 2024 середина года'!$B:$U,MATCH($A2,'WPP 2024 середина года'!$A:$A,0),MATCH(D$1,'WPP 2024 середина года'!$B$1:$U$1,0))/(1000*INDEX('SALA 2002'!$B:$U,MATCH($A2,'SALA 2002'!$A:$A,0),MATCH(D$1,'SALA 2002'!$B$1:$U$1,0))),($A2-1994)/7),INDEX('WPP 2024 середина года'!$B:$U,MATCH($A2,'WPP 2024 середина года'!$A:$A,0),MATCH(D$1,'WPP 2024 середина года'!$B$1:$U$1,0))))) -> 17984 | E2: =IF($A2<=1951,INDEX('SALA 1974'!$B:$U,MATCH($A2,'SALA 1974'!$A:$A,0),MATCH(E$1,'SALA 1974'!$B$1:$U$1,0)),IF($A2<=1994,1000*INDEX('SALA 2002'!$B:$U,MATCH($A2,'SALA 2002'!$A:$A,0),MATCH(E$1,'SALA 2002'!$B$1:$U$1,0)),IF($A2<=2000,1000*INDEX('SALA 2002'!$B:$U,MATCH($A2,'SALA 2002'!$A:$A,0),MATCH(E$1,'SALA 2002'!$B$1:$U$1,0))*POWER(INDEX('WPP 2024 середина года'!$B:$U,MATCH($A2,'WPP 2024 середина года'!$A:$A,0),MATCH(E$1,'WPP 2024 середина года'!$B$1:$U$1,0))/(1000*INDEX('SALA 2002'!$B:$U,MATCH($A2,'SALA 2002'!$A:$A,0),MATCH(E$1,'SALA 2002'!$B$1:$U$1,0))),($A2-1994)/7),INDEX('WPP 2024 середина года'!$B:$U,MATCH($A2,'WPP 2024 середина года'!$A:$A,0),MATCH(E$1,'WPP 2024 середина года'!$B$1:$U$1,0))))) -> 2959 | F2: =IF($A2<=1947,INDEX('SALA 1974'!$B:$U,MATCH($A2,'SALA 1974'!$A:$A,0),MATCH(F$1,'SALA 1974'!$B$1:$U$1,0)),IF($A2<=1994,1000*INDEX('SALA 2002'!$B:$U,MATCH($A2,'SALA 2002'!$A:$A,0),MATCH(F$1,'SALA 2002'!$B$1:$U$1,0)),IF($A2<=2000,1000*INDEX('SALA 2002'!$B:$U,MATCH($A2,'SALA 2002'!$A:$A,0),MATCH(F$1,'SALA 2002'!$B$1:$U$1,0))*POWER(INDEX('WPP 2024 середина года'!$B:$U,MATCH($A2,'WPP 2024 середина года'!$A:$A,0),MATCH(F$1,'WPP 2024 середина года'!$B$1:$U$1,0))/(1000*INDEX('SALA 2002'!$B:$U,MATCH($A2,'SALA 2002'!$A:$A,0),MATCH(F$1,'SALA 2002'!$B$1:$U$1,0))),($A2-1994)/7),INDEX('WPP 2024 середина года'!$B:$U,MATCH($A2,'WPP 2024 середина года'!$A:$A,0),MATCH(F$1,'WPP 2024 середина года'!$B$1:$U$1,0))))) -> 3894 | G2: =IF($A2<=1951,INDEX('SALA 1974'!$B:$U,MATCH($A2,'SALA 1974'!$A:$A,0),MATCH(G$1,'SALA 1974'!$B$1:$U$1,0)),IF($A2<=1994,1000*INDEX('SALA 2002'!$B:$U,MATCH($A2,'SALA 2002'!$A:$A,0),MATCH(G$1,'SALA 2002'!$B$1:$U$1,0)),IF($A2<=2000,1000*INDEX('SALA 2002'!$B:$U,MATCH($A2,'SALA 2002'!$A:$A,0),MATCH(G$1,'SALA 2002'!$B$1:$U$1,0))*POWER(INDEX('WPP 2024 середина года'!$B:$U,MATCH($A2,'WPP 2024 середина года'!$A:$A,0),MATCH(G$1,'WPP 2024 середина года'!$B$1:$U$1,0))/(1000*INDEX('SALA 2002'!$B:$U,MATCH($A2,'SALA 2002'!$A:$A,0),MATCH(G$1,'SALA 2002'!$B$1:$U$1,0))),($A2-1994)/7),INDEX('WPP 2024 середина года'!$B:$U,MATCH($A2,'WPP 2024 середина года'!$A:$A,0),MATCH(G$1,'WPP 2024 середина года'!$B$1:$U$1,0))))) -> 307 | H2: =IF($A2<=1951,INDEX('SALA 1974'!$B:$U,MATCH($A2,'SALA 1974'!$A:$A,0),MATCH(H$1,'SALA 1974'!$B$1:$U$1,0)),IF($A2<=1994,1000*INDEX('SALA 2002'!$B:$U,MATCH($A2,'SALA 2002'!$A:$A,0),MATCH(H$1,'SALA 2002'!$B$1:$U$1,0)),IF($A2<=2000,1000*INDEX('SALA 2002'!$B:$U,MATCH($A2,'SALA 2002'!$A:$A,0),MATCH(H$1,'SALA 2002'!$B$1:$U$1,0))*POWER(INDEX('WPP 2024 середина года'!$B:$U,MATCH($A2,'WPP 2024 середина года'!$A:$A,0),MATCH(H$1,'WPP 2024 середина года'!$B$1:$U$1,0))/(1000*INDEX('SALA 2002'!$B:$U,MATCH($A2,'SALA 2002'!$A:$A,0),MATCH(H$1,'SALA 2002'!$B$1:$U$1,0))),($A2-1994)/7),INDEX('WPP 2024 середина года'!$B:$U,MATCH($A2,'WPP 2024 середина года'!$A:$A,0),MATCH(H$1,'WPP 2024 середина года'!$B$1:$U$1,0))))) -> 1600 | I2: =IF($A2<=1951,INDEX('SALA 1974'!$B:$U,MATCH($A2,'SALA 1974'!$A:$A,0),MATCH(I$1,'SALA 1974'!$B$1:$U$1,0)),IF($A2<=1994,1000*INDEX('SALA 2002'!$B:$U,MATCH($A2,'SALA 2002'!$A:$A,0),MATCH(I$1,'SALA 2002'!$B$1:$U$1,0)),IF($A2<=2000,1000*INDEX('SALA 2002'!$B:$U,MATCH($A2,'SALA 2002'!$A:$A,0),MATCH(I$1,'SALA 2002'!$B$1:$U$1,0))*POWER(INDEX('WPP 2024 середина года'!$B:$U,MATCH($A2,'WPP 2024 середина года'!$A:$A,0),MATCH(I$1,'WPP 2024 середина года'!$B$1:$U$1,0))/(1000*INDEX('SALA 2002'!$B:$U,MATCH($A2,'SALA 2002'!$A:$A,0),MATCH(I$1,'SALA 2002'!$B$1:$U$1,0))),($A2-1994)/7),INDEX('WPP 2024 середина года'!$B:$U,MATCH($A2,'WPP 2024 середина года'!$A:$A,0),MATCH(I$1,'WPP 2024 середина года'!$B$1:$U$1,0))))) -> 600 | J2: =IF($A2<=1951,INDEX('SALA 1974'!$B:$U,MATCH($A2,'SALA 1974'!$A:$A,0),MATCH(J$1,'SALA 1974'!$B$1:$U$1,0)),IF($A2<=1994,1000*INDEX('SALA 2002'!$B:$U,MATCH($A2,'SALA 2002'!$A:$A,0),MATCH(J$1,'SALA 2002'!$B$1:$U$1,0)),IF($A2<=2000,1000*INDEX('SALA 2002'!$B:$U,MATCH($A2,'SALA 2002'!$A:$A,0),MATCH(J$1,'SALA 2002'!$B$1:$U$1,0))*POWER(INDEX('WPP 2024 середина года'!$B:$U,MATCH($A2,'WPP 2024 середина года'!$A:$A,0),MATCH(J$1,'WPP 2024 середина года'!$B$1:$U$1,0))/(1000*INDEX('SALA 2002'!$B:$U,MATCH($A2,'SALA 2002'!$A:$A,0),MATCH(J$1,'SALA 2002'!$B$1:$U$1,0))),($A2-1994)/7),INDEX('WPP 2024 середина года'!$B:$U,MATCH($A2,'WPP 2024 середина года'!$A:$A,0),MATCH(J$1,'WPP 2024 середина года'!$B$1:$U$1,0))))) -> 1300 | K2: =IF($A2<=1951,INDEX('SALA 1974'!$B:$U,MATCH($A2,'SALA 1974'!$A:$A,0),MATCH(K$1,'SALA 1974'!$B$1:$U$1,0)),IF($A2<=1994,1000*INDEX('SALA 2002'!$B:$U,MATCH($A2,'SALA 2002'!$A:$A,0),MATCH(K$1,'SALA 2002'!$B$1:$U$1,0)),IF($A2<=2000,1000*INDEX('SALA 2002'!$B:$U,MATCH($A2,'SALA 2002'!$A:$A,0),MATCH(K$1,'SALA 2002'!$B$1:$U$1,0))*POWER(INDEX('WPP 2024 середина года'!$B:$U,MATCH($A2,'WPP 2024 середина года'!$A:$A,0),MATCH(K$1,'WPP 2024 середина года'!$B$1:$U$1,0))/(1000*INDEX('SALA 2002'!$B:$U,MATCH($A2,'SALA 2002'!$A:$A,0),MATCH(K$1,'SALA 2002'!$B$1:$U$1,0))),($A2-1994)/7),INDEX('WPP 2024 середина года'!$B:$U,MATCH($A2,'WPP 2024 середина года'!$A:$A,0),MATCH(K$1,'WPP 2024 середина года'!$B$1:$U$1,0))))) -> 801 | L2: =IF($A2<=1951,INDEX('SALA 1974'!$B:$U,MATCH($A2,'SALA 1974'!$A:$A,0),MATCH(L$1,'SALA 1974'!$B$1:$U$1,0)),IF($A2<=1994,1000*INDEX('SALA 2002'!$B:$U,MATCH($A2,'SALA 2002'!$A:$A,0),MATCH(L$1,'SALA 2002'!$B$1:$U$1,0)),IF($A2<=2000,1000*INDEX('SALA 2002'!$B:$U,MATCH($A2,'SALA 2002'!$A:$A,0),MATCH(L$1,'SALA 2002'!$B$1:$U$1,0))*POWER(INDEX('WPP 2024 середина года'!$B:$U,MATCH($A2,'WPP 2024 середина года'!$A:$A,0),MATCH(L$1,'WPP 2024 середина года'!$B$1:$U$1,0))/(1000*INDEX('SALA 2002'!$B:$U,MATCH($A2,'SALA 2002'!$A:$A,0),MATCH(L$1,'SALA 2002'!$B$1:$U$1,0))),($A2-1994)/7),INDEX('WPP 2024 середина года'!$B:$U,MATCH($A2,'WPP 2024 середина года'!$A:$A,0),MATCH(L$1,'WPP 2024 середина года'!$B$1:$U$1,0))))) -> 885 | M2: =IF($A2<=1951,INDEX('SALA 1974'!$B:$U,MATCH($A2,'SALA 1974'!$A:$A,0),MATCH(M$1,'SALA 1974'!$B$1:$U$1,0)),IF($A2<=1994,1000*INDEX('SALA 2002'!$B:$U,MATCH($A2,'SALA 2002'!$A:$A,0),MATCH(M$1,'SALA 2002'!$B$1:$U$1,0)),IF($A2<=2000,1000*INDEX('SALA 2002'!$B:$U,MATCH($A2,'SALA 2002'!$A:$A,0),MATCH(M$1,'SALA 2002'!$B$1:$U$1,0))*POWER(INDEX('WPP 2024 середина года'!$B:$U,MATCH($A2,'WPP 2024 середина года'!$A:$A,0),MATCH(M$1,'WPP 2024 середина года'!$B$1:$U$1,0))/(1000*INDEX('SALA 2002'!$B:$U,MATCH($A2,'SALA 2002'!$A:$A,0),MATCH(M$1,'SALA 2002'!$B$1:$U$1,0))),($A2-1994)/7),INDEX('WPP 2024 середина года'!$B:$U,MATCH($A2,'WPP 2024 середина года'!$A:$A,0),MATCH(M$1,'WPP 2024 середина года'!$B$1:$U$1,0))))) -> 1250 | N2: =IF($A2<=1951,INDEX('SALA 1974'!$B:$U,MATCH($A2,'SALA 1974'!$A:$A,0),MATCH(N$1,'SALA 1974'!$B$1:$U$1,0)),IF($A2<=1994,1000*INDEX('SALA 2002'!$B:$U,MATCH($A2,'SALA 2002'!$A:$A,0),MATCH(N$1,'SALA 2002'!$B$1:$U$1,0)),IF($A2<=2000,1000*INDEX('SALA 2002'!$B:$U,MATCH($A2,'SALA 2002'!$A:$A,0),MATCH(N$1,'SALA 2002'!$B$1:$U$1,0))*POWER(INDEX('WPP 2024 середина года'!$B:$U,MATCH($A2,'WPP 2024 середина года'!$A:$A,0),MATCH(N$1,'WPP 2024 середина года'!$B$1:$U$1,0))/(1000*INDEX('SALA 2002'!$B:$U,MATCH($A2,'SALA 2002'!$A:$A,0),MATCH(N$1,'SALA 2002'!$B$1:$U$1,0))),($A2-1994)/7),INDEX('WPP 2024 середина года'!$B:$U,MATCH($A2,'WPP 2024 середина года'!$A:$A,0),MATCH(N$1,'WPP 2024 середина года'!$B$1:$U$1,0))))) -> 420 | ... U2: =IF($A2<=1951,INDEX('SALA 1974'!$B:$U,MATCH($A2,'SALA 1974'!$A:$A,0),MATCH(U$1,'SALA 1974'!$B$1:$U$1,0)),IF($A2<=1994,1000*INDEX('SALA 2002'!$B:$U,MATCH($A2,'SALA 2002'!$A:$A,0),MATCH(U$1,'SALA 2002'!$B$1:$U$1,0)),IF($A2<=2000,1000*INDEX('SALA 2002'!$B:$U,MATCH($A2,'SALA 2002'!$A:$A,0),MATCH(U$1,'SALA 2002'!$B$1:$U$1,0))*POWER(INDEX('WPP 2024 середина года'!$B:$U,MATCH($A2,'WPP 2024 середина года'!$A:$A,0),MATCH(U$1,'WPP 2024 середина года'!$B$1:$U$1,0))/(1000*INDEX('SALA 2002'!$B:$U,MATCH($A2,'SALA 2002'!$A:$A,0),MATCH(U$1,'SALA 2002'!$B$1:$U$1,0))),($A2-1994)/7),INDEX('WPP 2024 середина года'!$B:$U,MATCH($A2,'WPP 2024 середина года'!$A:$A,0),MATCH(U$1,'WPP 2024 середина года'!$B$1:$U$1,0))))) -> 2445
A3: =A2+1 -> 1901 | B3: =IF($A3<=1951,INDEX('SALA 1974'!$B:$U,MATCH($A3,'SALA 1974'!$A:$A,0),MATCH(B$1,'SALA 1974'!$B$1:$U$1,0)),IF($A3<=1994,1000*INDEX('SALA 2002'!$B:$U,MATCH($A3,'SALA 2002'!$A:$A,0),MATCH(B$1,'SALA 2002'!$B$1:$U$1,0)),IF($A3<=2000,1000*INDEX('SALA 2002'!$B:$U,MATCH($A3,'SALA 2002'!$A:$A,0),MATCH(B$1,'SALA 2002'!$B$1:$U$1,0))*POWER(INDEX('WPP 2024 середина года'!$B:$U,MATCH($A3,'WPP 2024 середина года'!$A:$A,0),MATCH(B$1,'WPP 2024 середина года'!$B$1:$U$1,0))/(1000*INDEX('SALA 2002'!$B:$U,MATCH($A3,'SALA 2002'!$A:$A,0),MATCH(B$1,'SALA 2002'!$B$1:$U$1,0))),($A3-1994)/7),INDEX('WPP 2024 середина года'!$B:$U,MATCH($A3,'WPP 2024 середина года'!$A:$A,0),MATCH(B$1,'WPP 2024 середина года'!$B$1:$U$1,0))))) -> 4741 | C3: =IF($A3<=1951,INDEX('SALA 1974'!$B:$U,MATCH($A3,'SALA 1974'!$A:$A,0),MATCH(C$1,'SALA 1974'!$B$1:$U$1,0)),IF($A3<=1994,1000*INDEX('SALA 2002'!$B:$U,MATCH($A3,'SALA 2002'!$A:$A,0),MATCH(C$1,'SALA 2002'!$B$1:$U$1,0)),IF($A3<=2000,1000*INDEX('SALA 2002'!$B:$U,MATCH($A3,'SALA 2002'!$A:$A,0),MATCH(C$1,'SALA 2002'!$B$1:$U$1,0))*POWER(INDEX('WPP 2024 середина года'!$B:$U,MATCH($A3,'WPP 2024 середина года'!$A:$A,0),MATCH(C$1,'WPP 2024 середина года'!$B$1:$U$1,0))/(1000*INDEX('SALA 2002'!$B:$U,MATCH($A3,'SALA 2002'!$A:$A,0),MATCH(C$1,'SALA 2002'!$B$1:$U$1,0))),($A3-1994)/7),INDEX('WPP 2024 середина года'!$B:$U,MATCH($A3,'WPP 2024 середина года'!$A:$A,0),MATCH(C$1,'WPP 2024 середина года'!$B$1:$U$1,0))))) -> 1785 | D3: =IF($A3<=1951,INDEX('SALA 1974'!$B:$U,MATCH($A3,'SALA 1974'!$A:$A,0),MATCH(D$1,'SALA 1974'!$B$1:$U$1,0)),IF($A3<=1994,1000*INDEX('SALA 2002'!$B:$U,MATCH($A3,'SALA 2002'!$A:$A,0),MATCH(D$1,'SALA 2002'!$B$1:$U$1,0)),IF($A3<=2000,1000*INDEX('SALA 2002'!$B:$U,MATCH($A3,'SALA 2002'!$A:$A,0),MATCH(D$1,'SALA 2002'!$B$1:$U$1,0))*POWER(INDEX('WPP 2024 середина года'!$B:$U,MATCH($A3,'WPP 2024 середина года'!$A:$A,0),MATCH(D$1,'WPP 2024 середина года'!$B$1:$U$1,0))/(1000*INDEX('SALA 2002'!$B:$U,MATCH($A3,'SALA 2002'!$A:$A,0),MATCH(D$1,'SALA 2002'!$B$1:$U$1,0))),($A3-1994)/7),INDEX('WPP 2024 середина года'!$B:$U,MATCH($A3,'WPP 2024 середина года'!$A:$A,0),MATCH(D$1,'WPP 2024 середина года'!$B$1:$U$1,0))))) -> 18392 | E3: =IF($A3<=1951,INDEX('SALA 1974'!$B:$U,MATCH($A3,'SALA 1974'!$A:$A,0),MATCH(E$1,'SALA 1974'!$B$1:$U$1,0)),IF($A3<=1994,1000*INDEX('SALA 2002'!$B:$U,MATCH($A3,'SALA 2002'!$A:$A,0),MATCH(E$1,'SALA 2002'!$B$1:$U$1,0)),IF($A3<=2000,1000*INDEX('SALA 2002'!$B:$U,MATCH($A3,'SALA 2002'!$A:$A,0),MATCH(E$1,'SALA 2002'!$B$1:$U$1,0))*POWER(INDEX('WPP 2024 середина года'!$B:$U,MATCH($A3,'WPP 2024 середина года'!$A:$A,0),MATCH(E$1,'WPP 2024 середина года'!$B$1:$U$1,0))/(1000*INDEX('SALA 2002'!$B:$U,MATCH($A3,'SALA 2002'!$A:$A,0),MATCH(E$1,'SALA 2002'!$B$1:$U$1,0))),($A3-1994)/7),INDEX('WPP 2024 середина года'!$B:$U,MATCH($A3,'WPP 2024 середина года'!$A:$A,0),MATCH(E$1,'WPP 2024 середина года'!$B$1:$U$1,0))))) -> 2994 | F3: =IF($A3<=1947,INDEX('SALA 1974'!$B:$U,MATCH($A3,'SALA 1974'!$A:$A,0),MATCH(F$1,'SALA 1974'!$B$1:$U$1,0)),IF($A3<=1994,1000*INDEX('SALA 2002'!$B:$U,MATCH($A3,'SALA 2002'!$A:$A,0),MATCH(F$1,'SALA 2002'!$B$1:$U$1,0)),IF($A3<=2000,1000*INDEX('SALA 2002'!$B:$U,MATCH($A3,'SALA 2002'!$A:$A,0),MATCH(F$1,'SALA 2002'!$B$1:$U$1,0))*POWER(INDEX('WPP 2024 середина года'!$B:$U,MATCH($A3,'WPP 2024 середина года'!$A:$A,0),MATCH(F$1,'WPP 2024 середина года'!$B$1:$U$1,0))/(1000*INDEX('SALA 2002'!$B:$U,MATCH($A3,'SALA 2002'!$A:$A,0),MATCH(F$1,'SALA 2002'!$B$1:$U$1,0))),($A3-1994)/7),INDEX('WPP 2024 середина года'!$B:$U,MATCH($A3,'WPP 2024 середина года'!$A:$A,0),MATCH(F$1,'WPP 2024 середина года'!$B$1:$U$1,0))))) -> 3944 | G3: =IF($A3<=1951,INDEX('SALA 1974'!$B:$U,MATCH($A3,'SALA 1974'!$A:$A,0),MATCH(G$1,'SALA 1974'!$B$1:$U$1,0)),IF($A3<=1994,1000*INDEX('SALA 2002'!$B:$U,MATCH($A3,'SALA 2002'!$A:$A,0),MATCH(G$1,'SALA 2002'!$B$1:$U$1,0)),IF($A3<=2000,1000*INDEX('SALA 2002'!$B:$U,MATCH($A3,'SALA 2002'!$A:$A,0),MATCH(G$1,'SALA 2002'!$B$1:$U$1,0))*POWER(INDEX('WPP 2024 середина года'!$B:$U,MATCH($A3,'WPP 2024 середина года'!$A:$A,0),MATCH(G$1,'WPP 2024 середина года'!$B$1:$U$1,0))/(1000*INDEX('SALA 2002'!$B:$U,MATCH($A3,'SALA 2002'!$A:$A,0),MATCH(G$1,'SALA 2002'!$B$1:$U$1,0))),($A3-1994)/7),INDEX('WPP 2024 середина года'!$B:$U,MATCH($A3,'WPP 2024 середина года'!$A:$A,0),MATCH(G$1,'WPP 2024 середина года'!$B$1:$U$1,0))))) -> 313 | H3: =IF($A3<=1951,INDEX('SALA 1974'!$B:$U,MATCH($A3,'SALA 1974'!$A:$A,0),MATCH(H$1,'SALA 1974'!$B$1:$U$1,0)),IF($A3<=1994,1000*INDEX('SALA 2002'!$B:$U,MATCH($A3,'SALA 2002'!$A:$A,0),MATCH(H$1,'SALA 2002'!$B$1:$U$1,0)),IF($A3<=2000,1000*INDEX('SALA 2002'!$B:$U,MATCH($A3,'SALA 2002'!$A:$A,0),MATCH(H$1,'SALA 2002'!$B$1:$U$1,0))*POWER(INDEX('WPP 2024 середина года'!$B:$U,MATCH($A3,'WPP 2024 середина года'!$A:$A,0),MATCH(H$1,'WPP 2024 середина года'!$B$1:$U$1,0))/(1000*INDEX('SALA 2002'!$B:$U,MATCH($A3,'SALA 2002'!$A:$A,0),MATCH(H$1,'SALA 2002'!$B$1:$U$1,0))),($A3-1994)/7),INDEX('WPP 2024 середина года'!$B:$U,MATCH($A3,'WPP 2024 середина года'!$A:$A,0),MATCH(H$1,'WPP 2024 середина года'!$B$1:$U$1,0))))) -> 1679 | I3: =IF($A3<=1951,INDEX('SALA 1974'!$B:$U,MATCH($A3,'SALA 1974'!$A:$A,0),MATCH(I$1,'SALA 1974'!$B$1:$U$1,0)),IF($A3<=1994,1000*INDEX('SALA 2002'!$B:$U,MATCH($A3,'SALA 2002'!$A:$A,0),MATCH(I$1,'SALA 2002'!$B$1:$U$1,0)),IF($A3<=2000,1000*INDEX('SALA 2002'!$B:$U,MATCH($A3,'SALA 2002'!$A:$A,0),MATCH(I$1,'SALA 2002'!$B$1:$U$1,0))*POWER(INDEX('WPP 2024 середина года'!$B:$U,MATCH($A3,'WPP 2024 середина года'!$A:$A,0),MATCH(I$1,'WPP 2024 середина года'!$B$1:$U$1,0))/(1000*INDEX('SALA 2002'!$B:$U,MATCH($A3,'SALA 2002'!$A:$A,0),MATCH(I$1,'SALA 2002'!$B$1:$U$1,0))),($A3-1994)/7),INDEX('WPP 2024 середина года'!$B:$U,MATCH($A3,'WPP 2024 середина года'!$A:$A,0),MATCH(I$1,'WPP 2024 середина года'!$B$1:$U$1,0))))) -> 614 | J3: =IF($A3<=1951,INDEX('SALA 1974'!$B:$U,MATCH($A3,'SALA 1974'!$A:$A,0),MATCH(J$1,'SALA 1974'!$B$1:$U$1,0)),IF($A3<=1994,1000*INDEX('SALA 2002'!$B:$U,MATCH($A3,'SALA 2002'!$A:$A,0),MATCH(J$1,'SALA 2002'!$B$1:$U$1,0)),IF($A3<=2000,1000*INDEX('SALA 2002'!$B:$U,MATCH($A3,'SALA 2002'!$A:$A,0),MATCH(J$1,'SALA 2002'!$B$1:$U$1,0))*POWER(INDEX('WPP 2024 середина года'!$B:$U,MATCH($A3,'WPP 2024 середина года'!$A:$A,0),MATCH(J$1,'WPP 2024 середина года'!$B$1:$U$1,0))/(1000*INDEX('SALA 2002'!$B:$U,MATCH($A3,'SALA 2002'!$A:$A,0),MATCH(J$1,'SALA 2002'!$B$1:$U$1,0))),($A3-1994)/7),INDEX('WPP 2024 середина года'!$B:$U,MATCH($A3,'WPP 2024 середина года'!$A:$A,0),MATCH(J$1,'WPP 2024 середина года'!$B$1:$U$1,0))))) -> 1312 | K3: =IF($A3<=1951,INDEX('SALA 1974'!$B:$U,MATCH($A3,'SALA 1974'!$A:$A,0),MATCH(K$1,'SALA 1974'!$B$1:$U$1,0)),IF($A3<=1994,1000*INDEX('SALA 2002'!$B:$U,MATCH($A3,'SALA 2002'!$A:$A,0),MATCH(K$1,'SALA 2002'!$B$1:$U$1,0)),IF($A3<=2000,1000*INDEX('SALA 2002'!$B:$U,MATCH($A3,'SALA 2002'!$A:$A,0),MATCH(K$1,'SALA 2002'!$B$1:$U$1,0))*POWER(INDEX('WPP 2024 середина года'!$B:$U,MATCH($A3,'WPP 2024 середина года'!$A:$A,0),MATCH(K$1,'WPP 2024 середина года'!$B$1:$U$1,0))/(1000*INDEX('SALA 2002'!$B:$U,MATCH($A3,'SALA 2002'!$A:$A,0),MATCH(K$1,'SALA 2002'!$B$1:$U$1,0))),($A3-1994)/7),INDEX('WPP 2024 середина года'!$B:$U,MATCH($A3,'WPP 2024 середина года'!$A:$A,0),MATCH(K$1,'WPP 2024 середина года'!$B$1:$U$1,0))))) -> 819 | L3: =IF($A3<=1951,INDEX('SALA 1974'!$B:$U,MATCH($A3,'SALA 1974'!$A:$A,0),MATCH(L$1,'SALA 1974'!$B$1:$U$1,0)),IF($A3<=1994,1000*INDEX('SALA 2002'!$B:$U,MATCH($A3,'SALA 2002'!$A:$A,0),MATCH(L$1,'SALA 2002'!$B$1:$U$1,0)),IF($A3<=2000,1000*INDEX('SALA 2002'!$B:$U,MATCH($A3,'SALA 2002'!$A:$A,0),MATCH(L$1,'SALA 2002'!$B$1:$U$1,0))*POWER(INDEX('WPP 2024 середина года'!$B:$U,MATCH($A3,'WPP 2024 середина года'!$A:$A,0),MATCH(L$1,'WPP 2024 середина года'!$B$1:$U$1,0))/(1000*INDEX('SALA 2002'!$B:$U,MATCH($A3,'SALA 2002'!$A:$A,0),MATCH(L$1,'SALA 2002'!$B$1:$U$1,0))),($A3-1994)/7),INDEX('WPP 2024 середина года'!$B:$U,MATCH($A3,'WPP 2024 середина года'!$A:$A,0),MATCH(L$1,'WPP 2024 середина года'!$B$1:$U$1,0))))) -> 910 | M3: =IF($A3<=1951,INDEX('SALA 1974'!$B:$U,MATCH($A3,'SALA 1974'!$A:$A,0),MATCH(M$1,'SALA 1974'!$B$1:$U$1,0)),IF($A3<=1994,1000*INDEX('SALA 2002'!$B:$U,MATCH($A3,'SALA 2002'!$A:$A,0),MATCH(M$1,'SALA 2002'!$B$1:$U$1,0)),IF($A3<=2000,1000*INDEX('SALA 2002'!$B:$U,MATCH($A3,'SALA 2002'!$A:$A,0),MATCH(M$1,'SALA 2002'!$B$1:$U$1,0))*POWER(INDEX('WPP 2024 середина года'!$B:$U,MATCH($A3,'WPP 2024 середина года'!$A:$A,0),MATCH(M$1,'WPP 2024 середина года'!$B$1:$U$1,0))/(1000*INDEX('SALA 2002'!$B:$U,MATCH($A3,'SALA 2002'!$A:$A,0),MATCH(M$1,'SALA 2002'!$B$1:$U$1,0))),($A3-1994)/7),INDEX('WPP 2024 середина года'!$B:$U,MATCH($A3,'WPP 2024 середина года'!$A:$A,0),MATCH(M$1,'WPP 2024 середина года'!$B$1:$U$1,0))))) -> 1294 | N3: =IF($A3<=1951,INDEX('SALA 1974'!$B:$U,MATCH($A3,'SALA 1974'!$A:$A,0),MATCH(N$1,'SALA 1974'!$B$1:$U$1,0)),IF($A3<=1994,1000*INDEX('SALA 2002'!$B:$U,MATCH($A3,'SALA 2002'!$A:$A,0),MATCH(N$1,'SALA 2002'!$B$1:$U$1,0)),IF($A3<=2000,1000*INDEX('SALA 2002'!$B:$U,MATCH($A3,'SALA 2002'!$A:$A,0),MATCH(N$1,'SALA 2002'!$B$1:$U$1,0))*POWER(INDEX('WPP 2024 середина года'!$B:$U,MATCH($A3,'WPP 2024 середина года'!$A:$A,0),MATCH(N$1,'WPP 2024 середина года'!$B$1:$U$1,0))/(1000*INDEX('SALA 2002'!$B:$U,MATCH($A3,'SALA 2002'!$A:$A,0),MATCH(N$1,'SALA 2002'!$B$1:$U$1,0))),($A3-1994)/7),INDEX('WPP 2024 середина года'!$B:$U,MATCH($A3,'WPP 2024 середина года'!$A:$A,0),MATCH(N$1,'WPP 2024 середина года'!$B$1:$U$1,0))))) -> 436 | ... U3: =IF($A3<=1951,INDEX('SALA 1974'!$B:$U,MATCH($A3,'SALA 1974'!$A:$A,0),MATCH(U$1,'SALA 1974'!$B$1:$U$1,0)),IF($A3<=1994,1000*INDEX('SALA 2002'!$B:$U,MATCH($A3,'SALA 2002'!$A:$A,0),MATCH(U$1,'SALA 2002'!$B$1:$U$1,0)),IF($A3<=2000,1000*INDEX('SALA 2002'!$B:$U,MATCH($A3,'SALA 2002'!$A:$A,0),MATCH(U$1,'SALA 2002'!$B$1:$U$1,0))*POWER(INDEX('WPP 2024 середина года'!$B:$U,MATCH($A3,'WPP 2024 середина года'!$A:$A,0),MATCH(U$1,'WPP 2024 середина года'!$B$1:$U$1,0))/(1000*INDEX('SALA 2002'!$B:$U,MATCH($A3,'SALA 2002'!$A:$A,0),MATCH(U$1,'SALA 2002'!$B$1:$U$1,0))),($A3-1994)/7),INDEX('WPP 2024 середина года'!$B:$U,MATCH($A3,'WPP 2024 середина года'!$A:$A,0),MATCH(U$1,'WPP 2024 середина года'!$B$1:$U$1,0))))) -> 2451
A4: =A3+1 -> 1902 | B4: =IF($A4<=1951,INDEX('SALA 1974'!$B:$U,MATCH($A4,'SALA 1974'!$A:$A,0),MATCH(B$1,'SALA 1974'!$B$1:$U$1,0)),IF($A4<=1994,1000*INDEX('SALA 2002'!$B:$U,MATCH($A4,'SALA 2002'!$A:$A,0),MATCH(B$1,'SALA 2002'!$B$1:$U$1,0)),IF($A4<=2000,1000*INDEX('SALA 2002'!$B:$U,MATCH($A4,'SALA 2002'!$A:$A,0),MATCH(B$1,'SALA 2002'!$B$1:$U$1,0))*POWER(INDEX('WPP 2024 середина года'!$B:$U,MATCH($A4,'WPP 2024 середина года'!$A:$A,0),MATCH(B$1,'WPP 2024 середина года'!$B$1:$U$1,0))/(1000*INDEX('SALA 2002'!$B:$U,MATCH($A4,'SALA 2002'!$A:$A,0),MATCH(B$1,'SALA 2002'!$B$1:$U$1,0))),($A4-1994)/7),INDEX('WPP 2024 середина года'!$B:$U,MATCH($A4,'WPP 2024 середина года'!$A:$A,0),MATCH(B$1,'WPP 2024 середина года'!$B$1:$U$1,0))))) -> 4872 | C4: =IF($A4<=1951,INDEX('SALA 1974'!$B:$U,MATCH($A4,'SALA 1974'!$A:$A,0),MATCH(C$1,'SALA 1974'!$B$1:$U$1,0)),IF($A4<=1994,1000*INDEX('SALA 2002'!$B:$U,MATCH($A4,'SALA 2002'!$A:$A,0),MATCH(C$1,'SALA 2002'!$B$1:$U$1,0)),IF($A4<=2000,1000*INDEX('SALA 2002'!$B:$U,MATCH($A4,'SALA 2002'!$A:$A,0),MATCH(C$1,'SALA 2002'!$B$1:$U$1,0))*POWER(INDEX('WPP 2024 середина года'!$B:$U,MATCH($A4,'WPP 2024 середина года'!$A:$A,0),MATCH(C$1,'WPP 2024 середина года'!$B$1:$U$1,0))/(1000*INDEX('SALA 2002'!$B:$U,MATCH($A4,'SALA 2002'!$A:$A,0),MATCH(C$1,'SALA 2002'!$B$1:$U$1,0))),($A4-1994)/7),INDEX('WPP 2024 середина года'!$B:$U,MATCH($A4,'WPP 2024 середина года'!$A:$A,0),MATCH(C$1,'WPP 2024 середина года'!$B$1:$U$1,0))))) -> 1803 | D4: =IF($A4<=1951,INDEX('SALA 1974'!$B:$U,MATCH($A4,'SALA 1974'!$A:$A,0),MATCH(D$1,'SALA 1974'!$B$1:$U$1,0)),IF($A4<=1994,1000*INDEX('SALA 2002'!$B:$U,MATCH($A4,'SALA 2002'!$A:$A,0),MATCH(D$1,'SALA 2002'!$B$1:$U$1,0)),IF($A4<=2000,1000*INDEX('SALA 2002'!$B:$U,MATCH($A4,'SALA 2002'!$A:$A,0),MATCH(D$1,'SALA 2002'!$B$1:$U$1,0))*POWER(INDEX('WPP 2024 середина года'!$B:$U,MATCH($A4,'WPP 2024 середина года'!$A:$A,0),MATCH(D$1,'WPP 2024 середина года'!$B$1:$U$1,0))/(1000*INDEX('SALA 2002'!$B:$U,MATCH($A4,'SALA 2002'!$A:$A,0),MATCH(D$1,'SALA 2002'!$B$1:$U$1,0))),($A4-1994)/7),INDEX('WPP 2024 середина года'!$B:$U,MATCH($A4,'WPP 2024 середина года'!$A:$A,0),MATCH(D$1,'WPP 2024 середина года'!$B$1:$U$1,0))))) -> 18782 | E4: =IF($A4<=1951,INDEX('SALA 1974'!$B:$U,MATCH($A4,'SALA 1974'!$A:$A,0),MATCH(E$1,'SALA 1974'!$B$1:$U$1,0)),IF($A4<=1994,1000*INDEX('SALA 2002'!$B:$U,MATCH($A4,'SALA 2002'!$A:$A,0),MATCH(E$1,'SALA 2002'!$B$1:$U$1,0)),IF($A4<=2000,1000*INDEX('SALA 2002'!$B:$U,MATCH($A4,'SALA 2002'!$A:$A,0),MATCH(E$1,'SALA 2002'!$B$1:$U$1,0))*POWER(INDEX('WPP 2024 середина года'!$B:$U,MATCH($A4,'WPP 2024 середина года'!$A:$A,0),MATCH(E$1,'WPP 2024 середина года'!$B$1:$U$1,0))/(1000*INDEX('SALA 2002'!$B:$U,MATCH($A4,'SALA 2002'!$A:$A,0),MATCH(E$1,'SALA 2002'!$B$1:$U$1,0))),($A4-1994)/7),INDEX('WPP 2024 середина года'!$B:$U,MATCH($A4,'WPP 2024 середина года'!$A:$A,0),MATCH(E$1,'WPP 2024 середина года'!$B$1:$U$1,0))))) -> 3030 | F4: =IF($A4<=1947,INDEX('SALA 1974'!$B:$U,MATCH($A4,'SALA 1974'!$A:$A,0),MATCH(F$1,'SALA 1974'!$B$1:$U$1,0)),IF($A4<=1994,1000*INDEX('SALA 2002'!$B:$U,MATCH($A4,'SALA 2002'!$A:$A,0),MATCH(F$1,'SALA 2002'!$B$1:$U$1,0)),IF($A4<=2000,1000*INDEX('SALA 2002'!$B:$U,MATCH($A4,'SALA 2002'!$A:$A,0),MATCH(F$1,'SALA 2002'!$B$1:$U$1,0))*POWER(INDEX('WPP 2024 середина года'!$B:$U,MATCH($A4,'WPP 2024 середина года'!$A:$A,0),MATCH(F$1,'WPP 2024 середина года'!$B$1:$U$1,0))/(1000*INDEX('SALA 2002'!$B:$U,MATCH($A4,'SALA 2002'!$A:$A,0),MATCH(F$1,'SALA 2002'!$B$1:$U$1,0))),($A4-1994)/7),INDEX('WPP 2024 середина года'!$B:$U,MATCH($A4,'WPP 2024 середина года'!$A:$A,0),MATCH(F$1,'WPP 2024 середина года'!$B$1:$U$1,0))))) -> 3994 | G4: =IF($A4<=1951,INDEX('SALA 1974'!$B:$U,MATCH($A4,'SALA 1974'!$A:$A,0),MATCH(G$1,'SALA 1974'!$B$1:$U$1,0)),IF($A4<=1994,1000*INDEX('SALA 2002'!$B:$U,MATCH($A4,'SALA 2002'!$A:$A,0),MATCH(G$1,'SALA 2002'!$B$1:$U$1,0)),IF($A4<=2000,1000*INDEX('SALA 2002'!$B:$U,MATCH($A4,'SALA 2002'!$A:$A,0),MATCH(G$1,'SALA 2002'!$B$1:$U$1,0))*POWER(INDEX('WPP 2024 середина года'!$B:$U,MATCH($A4,'WPP 2024 середина года'!$A:$A,0),MATCH(G$1,'WPP 2024 середина года'!$B$1:$U$1,0))/(1000*INDEX('SALA 2002'!$B:$U,MATCH($A4,'SALA 2002'!$A:$A,0),MATCH(G$1,'SALA 2002'!$B$1:$U$1,0))),($A4-1994)/7),INDEX('WPP 2024 середина года'!$B:$U,MATCH($A4,'WPP 2024 середина года'!$A:$A,0),MATCH(G$1,'WPP 2024 середина года'!$B$1:$U$1,0))))) -> 318 | H4: =IF($A4<=1951,INDEX('SALA 1974'!$B:$U,MATCH($A4,'SALA 1974'!$A:$A,0),MATCH(H$1,'SALA 1974'!$B$1:$U$1,0)),IF($A4<=1994,1000*INDEX('SALA 2002'!$B:$U,MATCH($A4,'SALA 2002'!$A:$A,0),MATCH(H$1,'SALA 2002'!$B$1:$U$1,0)),IF($A4<=2000,1000*INDEX('SALA 2002'!$B:$U,MATCH($A4,'SALA 2002'!$A:$A,0),MATCH(H$1,'SALA 2002'!$B$1:$U$1,0))*POWER(INDEX('WPP 2024 середина года'!$B:$U,MATCH($A4,'WPP 2024 середина года'!$A:$A,0),MATCH(H$1,'WPP 2024 середина года'!$B$1:$U$1,0))/(1000*INDEX('SALA 2002'!$B:$U,MATCH($A4,'SALA 2002'!$A:$A,0),MATCH(H$1,'SALA 2002'!$B$1:$U$1,0))),($A4-1994)/7),INDEX('WPP 2024 середина года'!$B:$U,MATCH($A4,'WPP 2024 середина года'!$A:$A,0),MATCH(H$1,'WPP 2024 середина года'!$B$1:$U$1,0))))) -> 1758 | I4: =IF($A4<=1951,INDEX('SALA 1974'!$B:$U,MATCH($A4,'SALA 1974'!$A:$A,0),MATCH(I$1,'SALA 1974'!$B$1:$U$1,0)),IF($A4<=1994,1000*INDEX('SALA 2002'!$B:$U,MATCH($A4,'SALA 2002'!$A:$A,0),MATCH(I$1,'SALA 2002'!$B$1:$U$1,0)),IF($A4<=2000,1000*INDEX('SALA 2002'!$B:$U,MATCH($A4,'SALA 2002'!$A:$A,0),MATCH(I$1,'SALA 2002'!$B$1:$U$1,0))*POWER(INDEX('WPP 2024 середина года'!$B:$U,MATCH($A4,'WPP 2024 середина года'!$A:$A,0),MATCH(I$1,'WPP 2024 середина года'!$B$1:$U$1,0))/(1000*INDEX('SALA 2002'!$B:$U,MATCH($A4,'SALA 2002'!$A:$A,0),MATCH(I$1,'SALA 2002'!$B$1:$U$1,0))),($A4-1994)/7),INDEX('WPP 2024 середина года'!$B:$U,MATCH($A4,'WPP 2024 середина года'!$A:$A,0),MATCH(I$1,'WPP 2024 середина года'!$B$1:$U$1,0))))) -> 628 | J4: =IF($A4<=1951,INDEX('SALA 1974'!$B:$U,MATCH($A4,'SALA 1974'!$A:$A,0),MATCH(J$1,'SALA 1974'!$B$1:$U$1,0)),IF($A4<=1994,1000*INDEX('SALA 2002'!$B:$U,MATCH($A4,'SALA 2002'!$A:$A,0),MATCH(J$1,'SALA 2002'!$B$1:$U$1,0)),IF($A4<=2000,1000*INDEX('SALA 2002'!$B:$U,MATCH($A4,'SALA 2002'!$A:$A,0),MATCH(J$1,'SALA 2002'!$B$1:$U$1,0))*POWER(INDEX('WPP 2024 середина года'!$B:$U,MATCH($A4,'WPP 2024 середина года'!$A:$A,0),MATCH(J$1,'WPP 2024 середина года'!$B$1:$U$1,0))/(1000*INDEX('SALA 2002'!$B:$U,MATCH($A4,'SALA 2002'!$A:$A,0),MATCH(J$1,'SALA 2002'!$B$1:$U$1,0))),($A4-1994)/7),INDEX('WPP 2024 середина года'!$B:$U,MATCH($A4,'WPP 2024 середина года'!$A:$A,0),MATCH(J$1,'WPP 2024 середина года'!$B$1:$U$1,0))))) -> 1324 | K4: =IF($A4<=1951,INDEX('SALA 1974'!$B:$U,MATCH($A4,'SALA 1974'!$A:$A,0),MATCH(K$1,'SALA 1974'!$B$1:$U$1,0)),IF($A4<=1994,1000*INDEX('SALA 2002'!$B:$U,MATCH($A4,'SALA 2002'!$A:$A,0),MATCH(K$1,'SALA 2002'!$B$1:$U$1,0)),IF($A4<=2000,1000*INDEX('SALA 2002'!$B:$U,MATCH($A4,'SALA 2002'!$A:$A,0),MATCH(K$1,'SALA 2002'!$B$1:$U$1,0))*POWER(INDEX('WPP 2024 середина года'!$B:$U,MATCH($A4,'WPP 2024 середина года'!$A:$A,0),MATCH(K$1,'WPP 2024 середина года'!$B$1:$U$1,0))/(1000*INDEX('SALA 2002'!$B:$U,MATCH($A4,'SALA 2002'!$A:$A,0),MATCH(K$1,'SALA 2002'!$B$1:$U$1,0))),($A4-1994)/7),INDEX('WPP 2024 середина года'!$B:$U,MATCH($A4,'WPP 2024 середина года'!$A:$A,0),MATCH(K$1,'WPP 2024 середина года'!$B$1:$U$1,0))))) -> 838 | L4: =IF($A4<=1951,INDEX('SALA 1974'!$B:$U,MATCH($A4,'SALA 1974'!$A:$A,0),MATCH(L$1,'SALA 1974'!$B$1:$U$1,0)),IF($A4<=1994,1000*INDEX('SALA 2002'!$B:$U,MATCH($A4,'SALA 2002'!$A:$A,0),MATCH(L$1,'SALA 2002'!$B$1:$U$1,0)),IF($A4<=2000,1000*INDEX('SALA 2002'!$B:$U,MATCH($A4,'SALA 2002'!$A:$A,0),MATCH(L$1,'SALA 2002'!$B$1:$U$1,0))*POWER(INDEX('WPP 2024 середина года'!$B:$U,MATCH($A4,'WPP 2024 середина года'!$A:$A,0),MATCH(L$1,'WPP 2024 середина года'!$B$1:$U$1,0))/(1000*INDEX('SALA 2002'!$B:$U,MATCH($A4,'SALA 2002'!$A:$A,0),MATCH(L$1,'SALA 2002'!$B$1:$U$1,0))),($A4-1994)/7),INDEX('WPP 2024 середина года'!$B:$U,MATCH($A4,'WPP 2024 середина года'!$A:$A,0),MATCH(L$1,'WPP 2024 середина года'!$B$1:$U$1,0))))) -> 936 | M4: =IF($A4<=1951,INDEX('SALA 1974'!$B:$U,MATCH($A4,'SALA 1974'!$A:$A,0),MATCH(M$1,'SALA 1974'!$B$1:$U$1,0)),IF($A4<=1994,1000*INDEX('SALA 2002'!$B:$U,MATCH($A4,'SALA 2002'!$A:$A,0),MATCH(M$1,'SALA 2002'!$B$1:$U$1,0)),IF($A4<=2000,1000*INDEX('SALA 2002'!$B:$U,MATCH($A4,'SALA 2002'!$A:$A,0),MATCH(M$1,'SALA 2002'!$B$1:$U$1,0))*POWER(INDEX('WPP 2024 середина года'!$B:$U,MATCH($A4,'WPP 2024 середина года'!$A:$A,0),MATCH(M$1,'WPP 2024 середина года'!$B$1:$U$1,0))/(1000*INDEX('SALA 2002'!$B:$U,MATCH($A4,'SALA 2002'!$A:$A,0),MATCH(M$1,'SALA 2002'!$B$1:$U$1,0))),($A4-1994)/7),INDEX('WPP 2024 середина года'!$B:$U,MATCH($A4,'WPP 2024 середина года'!$A:$A,0),MATCH(M$1,'WPP 2024 середина года'!$B$1:$U$1,0))))) -> 1338 | N4: =IF($A4<=1951,INDEX('SALA 1974'!$B:$U,MATCH($A4,'SALA 1974'!$A:$A,0),MATCH(N$1,'SALA 1974'!$B$1:$U$1,0)),IF($A4<=1994,1000*INDEX('SALA 2002'!$B:$U,MATCH($A4,'SALA 2002'!$A:$A,0),MATCH(N$1,'SALA 2002'!$B$1:$U$1,0)),IF($A4<=2000,1000*INDEX('SALA 2002'!$B:$U,MATCH($A4,'SALA 2002'!$A:$A,0),MATCH(N$1,'SALA 2002'!$B$1:$U$1,0))*POWER(INDEX('WPP 2024 середина года'!$B:$U,MATCH($A4,'WPP 2024 середина года'!$A:$A,0),MATCH(N$1,'WPP 2024 середина года'!$B$1:$U$1,0))/(1000*INDEX('SALA 2002'!$B:$U,MATCH($A4,'SALA 2002'!$A:$A,0),MATCH(N$1,'SALA 2002'!$B$1:$U$1,0))),($A4-1994)/7),INDEX('WPP 2024 середина года'!$B:$U,MATCH($A4,'WPP 2024 середина года'!$A:$A,0),MATCH(N$1,'WPP 2024 середина года'!$B$1:$U$1,0))))) -> 452 | ... U4: =IF($A4<=1951,INDEX('SALA 1974'!$B:$U,MATCH($A4,'SALA 1974'!$A:$A,0),MATCH(U$1,'SALA 1974'!$B$1:$U$1,0)),IF($A4<=1994,1000*INDEX('SALA 2002'!$B:$U,MATCH($A4,'SALA 2002'!$A:$A,0),MATCH(U$1,'SALA 2002'!$B$1:$U$1,0)),IF($A4<=2000,1000*INDEX('SALA 2002'!$B:$U,MATCH($A4,'SALA 2002'!$A:$A,0),MATCH(U$1,'SALA 2002'!$B$1:$U$1,0))*POWER(INDEX('WPP 2024 середина года'!$B:$U,MATCH($A4,'WPP 2024 середина года'!$A:$A,0),MATCH(U$1,'WPP 2024 середина года'!$B$1:$U$1,0))/(1000*INDEX('SALA 2002'!$B:$U,MATCH($A4,'SALA 2002'!$A:$A,0),MATCH(U$1,'SALA 2002'!$B$1:$U$1,0))),($A4-1994)/7),INDEX('WPP 2024 середина года'!$B:$U,MATCH($A4,'WPP 2024 середина года'!$A:$A,0),MATCH(U$1,'WPP 2024 середина года'!$B$1:$U$1,0))))) -> 2458
A5: =A4+1 -> 1903 | B5: =IF($A5<=1951,INDEX('SALA 1974'!$B:$U,MATCH($A5,'SALA 1974'!$A:$A,0),MATCH(B$1,'SALA 1974'!$B$1:$U$1,0)),IF($A5<=1994,1000*INDEX('SALA 2002'!$B:$U,MATCH($A5,'SALA 2002'!$A:$A,0),MATCH(B$1,'SALA 2002'!$B$1:$U$1,0)),IF($A5<=2000,1000*INDEX('SALA 2002'!$B:$U,MATCH($A5,'SALA 2002'!$A:$A,0),MATCH(B$1,'SALA 2002'!$B$1:$U$1,0))*POWER(INDEX('WPP 2024 середина года'!$B:$U,MATCH($A5,'WPP 2024 середина года'!$A:$A,0),MATCH(B$1,'WPP 2024 середина года'!$B$1:$U$1,0))/(1000*INDEX('SALA 2002'!$B:$U,MATCH($A5,'SALA 2002'!$A:$A,0),MATCH(B$1,'SALA 2002'!$B$1:$U$1,0))),($A5-1994)/7),INDEX('WPP 2024 середина года'!$B:$U,MATCH($A5,'WPP 2024 середина года'!$A:$A,0),MATCH(B$1,'WPP 2024 середина года'!$B$1:$U$1,0))))) -> 4976 | C5: =IF($A5<=1951,INDEX('SALA 1974'!$B:$U,MATCH($A5,'SALA 1974'!$A:$A,0),MATCH(C$1,'SALA 1974'!$B$1:$U$1,0)),IF($A5<=1994,1000*INDEX('SALA 2002'!$B:$U,MATCH($A5,'SALA 2002'!$A:$A,0),MATCH(C$1,'SALA 2002'!$B$1:$U$1,0)),IF($A5<=2000,1000*INDEX('SALA 2002'!$B:$U,MATCH($A5,'SALA 2002'!$A:$A,0),MATCH(C$1,'SALA 2002'!$B$1:$U$1,0))*POWER(INDEX('WPP 2024 середина года'!$B:$U,MATCH($A5,'WPP 2024 середина года'!$A:$A,0),MATCH(C$1,'WPP 2024 середина года'!$B$1:$U$1,0))/(1000*INDEX('SALA 2002'!$B:$U,MATCH($A5,'SALA 2002'!$A:$A,0),MATCH(C$1,'SALA 2002'!$B$1:$U$1,0))),($A5-1994)/7),INDEX('WPP 2024 середина года'!$B:$U,MATCH($A5,'WPP 2024 середина года'!$A:$A,0),MATCH(C$1,'WPP 2024 середина года'!$B$1:$U$1,0))))) -> 1822 | D5: =IF($A5<=1951,INDEX('SALA 1974'!$B:$U,MATCH($A5,'SALA 1974'!$A:$A,0),MATCH(D$1,'SALA 1974'!$B$1:$U$1,0)),IF($A5<=1994,1000*INDEX('SALA 2002'!$B:$U,MATCH($A5,'SALA 2002'!$A:$A,0),MATCH(D$1,'SALA 2002'!$B$1:$U$1,0)),IF($A5<=2000,1000*INDEX('SALA 2002'!$B:$U,MATCH($A5,'SALA 2002'!$A:$A,0),MATCH(D$1,'SALA 2002'!$B$1:$U$1,0))*POWER(INDEX('WPP 2024 середина года'!$B:$U,MATCH($A5,'WPP 2024 середина года'!$A:$A,0),MATCH(D$1,'WPP 2024 середина года'!$B$1:$U$1,0))/(1000*INDEX('SALA 2002'!$B:$U,MATCH($A5,'SALA 2002'!$A:$A,0),MATCH(D$1,'SALA 2002'!$B$1:$U$1,0))),($A5-1994)/7),INDEX('WPP 2024 середина года'!$B:$U,MATCH($A5,'WPP 2024 середина года'!$A:$A,0),MATCH(D$1,'WPP 2024 середина года'!$B$1:$U$1,0))))) -> 19180 | E5: =IF($A5<=1951,INDEX('SALA 1974'!$B:$U,MATCH($A5,'SALA 1974'!$A:$A,0),MATCH(E$1,'SALA 1974'!$B$1:$U$1,0)),IF($A5<=1994,1000*INDEX('SALA 2002'!$B:$U,MATCH($A5,'SALA 2002'!$A:$A,0),MATCH(E$1,'SALA 2002'!$B$1:$U$1,0)),IF($A5<=2000,1000*INDEX('SALA 2002'!$B:$U,MATCH($A5,'SALA 2002'!$A:$A,0),MATCH(E$1,'SALA 2002'!$B$1:$U$1,0))*POWER(INDEX('WPP 2024 середина года'!$B:$U,MATCH($A5,'WPP 2024 середина года'!$A:$A,0),MATCH(E$1,'WPP 2024 середина года'!$B$1:$U$1,0))/(1000*INDEX('SALA 2002'!$B:$U,MATCH($A5,'SALA 2002'!$A:$A,0),MATCH(E$1,'SALA 2002'!$B$1:$U$1,0))),($A5-1994)/7),INDEX('WPP 2024 середина года'!$B:$U,MATCH($A5,'WPP 2024 середина года'!$A:$A,0),MATCH(E$1,'WPP 2024 середина года'!$B$1:$U$1,0))))) -> 3066 | F5: =IF($A5<=1947,INDEX('SALA 1974'!$B:$U,MATCH($A5,'SALA 1974'!$A:$A,0),MATCH(F$1,'SALA 1974'!$B$1:$U$1,0)),IF($A5<=1994,1000*INDEX('SALA 2002'!$B:$U,MATCH($A5,'SALA 2002'!$A:$A,0),MATCH(F$1,'SALA 2002'!$B$1:$U$1,0)),IF($A5<=2000,1000*INDEX('SALA 2002'!$B:$U,MATCH($A5,'SALA 2002'!$A:$A,0),MATCH(F$1,'SALA 2002'!$B$1:$U$1,0))*POWER(INDEX('WPP 2024 середина года'!$B:$U,MATCH($A5,'WPP 2024 середина года'!$A:$A,0),MATCH(F$1,'WPP 2024 середина года'!$B$1:$U$1,0))/(1000*INDEX('SALA 2002'!$B:$U,MATCH($A5,'SALA 2002'!$A:$A,0),MATCH(F$1,'SALA 2002'!$B$1:$U$1,0))),($A5-1994)/7),INDEX('WPP 2024 середина года'!$B:$U,MATCH($A5,'WPP 2024 середина года'!$A:$A,0),MATCH(F$1,'WPP 2024 середина года'!$B$1:$U$1,0))))) -> 4044 | G5: =IF($A5<=1951,INDEX('SALA 1974'!$B:$U,MATCH($A5,'SALA 1974'!$A:$A,0),MATCH(G$1,'SALA 1974'!$B$1:$U$1,0)),IF($A5<=1994,1000*INDEX('SALA 2002'!$B:$U,MATCH($A5,'SALA 2002'!$A:$A,0),MATCH(G$1,'SALA 2002'!$B$1:$U$1,0)),IF($A5<=2000,1000*INDEX('SALA 2002'!$B:$U,MATCH($A5,'SALA 2002'!$A:$A,0),MATCH(G$1,'SALA 2002'!$B$1:$U$1,0))*POWER(INDEX('WPP 2024 середина года'!$B:$U,MATCH($A5,'WPP 2024 середина года'!$A:$A,0),MATCH(G$1,'WPP 2024 середина года'!$B$1:$U$1,0))/(1000*INDEX('SALA 2002'!$B:$U,MATCH($A5,'SALA 2002'!$A:$A,0),MATCH(G$1,'SALA 2002'!$B$1:$U$1,0))),($A5-1994)/7),INDEX('WPP 2024 середина года'!$B:$U,MATCH($A5,'WPP 2024 середина года'!$A:$A,0),MATCH(G$1,'WPP 2024 середина года'!$B$1:$U$1,0))))) -> 324 | H5: =IF($A5<=1951,INDEX('SALA 1974'!$B:$U,MATCH($A5,'SALA 1974'!$A:$A,0),MATCH(H$1,'SALA 1974'!$B$1:$U$1,0)),IF($A5<=1994,1000*INDEX('SALA 2002'!$B:$U,MATCH($A5,'SALA 2002'!$A:$A,0),MATCH(H$1,'SALA 2002'!$B$1:$U$1,0)),IF($A5<=2000,1000*INDEX('SALA 2002'!$B:$U,MATCH($A5,'SALA 2002'!$A:$A,0),MATCH(H$1,'SALA 2002'!$B$1:$U$1,0))*POWER(INDEX('WPP 2024 середина года'!$B:$U,MATCH($A5,'WPP 2024 середина года'!$A:$A,0),MATCH(H$1,'WPP 2024 середина года'!$B$1:$U$1,0))/(1000*INDEX('SALA 2002'!$B:$U,MATCH($A5,'SALA 2002'!$A:$A,0),MATCH(H$1,'SALA 2002'!$B$1:$U$1,0))),($A5-1994)/7),INDEX('WPP 2024 середина года'!$B:$U,MATCH($A5,'WPP 2024 середина года'!$A:$A,0),MATCH(H$1,'WPP 2024 середина года'!$B$1:$U$1,0))))) -> 1837 | I5: =IF($A5<=1951,INDEX('SALA 1974'!$B:$U,MATCH($A5,'SALA 1974'!$A:$A,0),MATCH(I$1,'SALA 1974'!$B$1:$U$1,0)),IF($A5<=1994,1000*INDEX('SALA 2002'!$B:$U,MATCH($A5,'SALA 2002'!$A:$A,0),MATCH(I$1,'SALA 2002'!$B$1:$U$1,0)),IF($A5<=2000,1000*INDEX('SALA 2002'!$B:$U,MATCH($A5,'SALA 2002'!$A:$A,0),MATCH(I$1,'SALA 2002'!$B$1:$U$1,0))*POWER(INDEX('WPP 2024 середина года'!$B:$U,MATCH($A5,'WPP 2024 середина года'!$A:$A,0),MATCH(I$1,'WPP 2024 середина года'!$B$1:$U$1,0))/(1000*INDEX('SALA 2002'!$B:$U,MATCH($A5,'SALA 2002'!$A:$A,0),MATCH(I$1,'SALA 2002'!$B$1:$U$1,0))),($A5-1994)/7),INDEX('WPP 2024 середина года'!$B:$U,MATCH($A5,'WPP 2024 середина года'!$A:$A,0),MATCH(I$1,'WPP 2024 середина года'!$B$1:$U$1,0))))) -> 642 | J5: =IF($A5<=1951,INDEX('SALA 1974'!$B:$U,MATCH($A5,'SALA 1974'!$A:$A,0),MATCH(J$1,'SALA 1974'!$B$1:$U$1,0)),IF($A5<=1994,1000*INDEX('SALA 2002'!$B:$U,MATCH($A5,'SALA 2002'!$A:$A,0),MATCH(J$1,'SALA 2002'!$B$1:$U$1,0)),IF($A5<=2000,1000*INDEX('SALA 2002'!$B:$U,MATCH($A5,'SALA 2002'!$A:$A,0),MATCH(J$1,'SALA 2002'!$B$1:$U$1,0))*POWER(INDEX('WPP 2024 середина года'!$B:$U,MATCH($A5,'WPP 2024 середина года'!$A:$A,0),MATCH(J$1,'WPP 2024 середина года'!$B$1:$U$1,0))/(1000*INDEX('SALA 2002'!$B:$U,MATCH($A5,'SALA 2002'!$A:$A,0),MATCH(J$1,'SALA 2002'!$B$1:$U$1,0))),($A5-1994)/7),INDEX('WPP 2024 середина года'!$B:$U,MATCH($A5,'WPP 2024 середина года'!$A:$A,0),MATCH(J$1,'WPP 2024 середина года'!$B$1:$U$1,0))))) -> 1336 | K5: =IF($A5<=1951,INDEX('SALA 1974'!$B:$U,MATCH($A5,'SALA 1974'!$A:$A,0),MATCH(K$1,'SALA 1974'!$B$1:$U$1,0)),IF($A5<=1994,1000*INDEX('SALA 2002'!$B:$U,MATCH($A5,'SALA 2002'!$A:$A,0),MATCH(K$1,'SALA 2002'!$B$1:$U$1,0)),IF($A5<=2000,1000*INDEX('SALA 2002'!$B:$U,MATCH($A5,'SALA 2002'!$A:$A,0),MATCH(K$1,'SALA 2002'!$B$1:$U$1,0))*POWER(INDEX('WPP 2024 середина года'!$B:$U,MATCH($A5,'WPP 2024 середина года'!$A:$A,0),MATCH(K$1,'WPP 2024 середина года'!$B$1:$U$1,0))/(1000*INDEX('SALA 2002'!$B:$U,MATCH($A5,'SALA 2002'!$A:$A,0),MATCH(K$1,'SALA 2002'!$B$1:$U$1,0))),($A5-1994)/7),INDEX('WPP 2024 середина года'!$B:$U,MATCH($A5,'WPP 2024 середина года'!$A:$A,0),MATCH(K$1,'WPP 2024 середина года'!$B$1:$U$1,0))))) -> 856 | L5: =IF($A5<=1951,INDEX('SALA 1974'!$B:$U,MATCH($A5,'SALA 1974'!$A:$A,0),MATCH(L$1,'SALA 1974'!$B$1:$U$1,0)),IF($A5<=1994,1000*INDEX('SALA 2002'!$B:$U,MATCH($A5,'SALA 2002'!$A:$A,0),MATCH(L$1,'SALA 2002'!$B$1:$U$1,0)),IF($A5<=2000,1000*INDEX('SALA 2002'!$B:$U,MATCH($A5,'SALA 2002'!$A:$A,0),MATCH(L$1,'SALA 2002'!$B$1:$U$1,0))*POWER(INDEX('WPP 2024 середина года'!$B:$U,MATCH($A5,'WPP 2024 середина года'!$A:$A,0),MATCH(L$1,'WPP 2024 середина года'!$B$1:$U$1,0))/(1000*INDEX('SALA 2002'!$B:$U,MATCH($A5,'SALA 2002'!$A:$A,0),MATCH(L$1,'SALA 2002'!$B$1:$U$1,0))),($A5-1994)/7),INDEX('WPP 2024 середина года'!$B:$U,MATCH($A5,'WPP 2024 середина года'!$A:$A,0),MATCH(L$1,'WPP 2024 середина года'!$B$1:$U$1,0))))) -> 961 | M5: =IF($A5<=1951,INDEX('SALA 1974'!$B:$U,MATCH($A5,'SALA 1974'!$A:$A,0),MATCH(M$1,'SALA 1974'!$B$1:$U$1,0)),IF($A5<=1994,1000*INDEX('SALA 2002'!$B:$U,MATCH($A5,'SALA 2002'!$A:$A,0),MATCH(M$1,'SALA 2002'!$B$1:$U$1,0)),IF($A5<=2000,1000*INDEX('SALA 2002'!$B:$U,MATCH($A5,'SALA 2002'!$A:$A,0),MATCH(M$1,'SALA 2002'!$B$1:$U$1,0))*POWER(INDEX('WPP 2024 середина года'!$B:$U,MATCH($A5,'WPP 2024 середина года'!$A:$A,0),MATCH(M$1,'WPP 2024 середина года'!$B$1:$U$1,0))/(1000*INDEX('SALA 2002'!$B:$U,MATCH($A5,'SALA 2002'!$A:$A,0),MATCH(M$1,'SALA 2002'!$B$1:$U$1,0))),($A5-1994)/7),INDEX('WPP 2024 середина года'!$B:$U,MATCH($A5,'WPP 2024 середина года'!$A:$A,0),MATCH(M$1,'WPP 2024 середина года'!$B$1:$U$1,0))))) -> 1381 | N5: =IF($A5<=1951,INDEX('SALA 1974'!$B:$U,MATCH($A5,'SALA 1974'!$A:$A,0),MATCH(N$1,'SALA 1974'!$B$1:$U$1,0)),IF($A5<=1994,1000*INDEX('SALA 2002'!$B:$U,MATCH($A5,'SALA 2002'!$A:$A,0),MATCH(N$1,'SALA 2002'!$B$1:$U$1,0)),IF($A5<=2000,1000*INDEX('SALA 2002'!$B:$U,MATCH($A5,'SALA 2002'!$A:$A,0),MATCH(N$1,'SALA 2002'!$B$1:$U$1,0))*POWER(INDEX('WPP 2024 середина года'!$B:$U,MATCH($A5,'WPP 2024 середина года'!$A:$A,0),MATCH(N$1,'WPP 2024 середина года'!$B$1:$U$1,0))/(1000*INDEX('SALA 2002'!$B:$U,MATCH($A5,'SALA 2002'!$A:$A,0),MATCH(N$1,'SALA 2002'!$B$1:$U$1,0))),($A5-1994)/7),INDEX('WPP 2024 середина года'!$B:$U,MATCH($A5,'WPP 2024 середина года'!$A:$A,0),MATCH(N$1,'WPP 2024 середина года'!$B$1:$U$1,0))))) -> 468 | ... U5: =IF($A5<=1951,INDEX('SALA 1974'!$B:$U,MATCH($A5,'SALA 1974'!$A:$A,0),MATCH(U$1,'SALA 1974'!$B$1:$U$1,0)),IF($A5<=1994,1000*INDEX('SALA 2002'!$B:$U,MATCH($A5,'SALA 2002'!$A:$A,0),MATCH(U$1,'SALA 2002'!$B$1:$U$1,0)),IF($A5<=2000,1000*INDEX('SALA 2002'!$B:$U,MATCH($A5,'SALA 2002'!$A:$A,0),MATCH(U$1,'SALA 2002'!$B$1:$U$1,0))*POWER(INDEX('WPP 2024 середина года'!$B:$U,MATCH($A5,'WPP 2024 середина года'!$A:$A,0),MATCH(U$1,'WPP 2024 середина года'!$B$1:$U$1,0))/(1000*INDEX('SALA 2002'!$B:$U,MATCH($A5,'SALA 2002'!$A:$A,0),MATCH(U$1,'SALA 2002'!$B$1:$U$1,0))),($A5-1994)/7),INDEX('WPP 2024 середина года'!$B:$U,MATCH($A5,'WPP 2024 середина года'!$A:$A,0),MATCH(U$1,'WPP 2024 середина года'!$B$1:$U$1,0))))) -> 2465
A6: =A5+1 -> 1904 | B6: =IF($A6<=1951,INDEX('SALA 1974'!$B:$U,MATCH($A6,'SALA 1974'!$A:$A,0),MATCH(B$1,'SALA 1974'!$B$1:$U$1,0)),IF($A6<=1994,1000*INDEX('SALA 2002'!$B:$U,MATCH($A6,'SALA 2002'!$A:$A,0),MATCH(B$1,'SALA 2002'!$B$1:$U$1,0)),IF($A6<=2000,1000*INDEX('SALA 2002'!$B:$U,MATCH($A6,'SALA 2002'!$A:$A,0),MATCH(B$1,'SALA 2002'!$B$1:$U$1,0))*POWER(INDEX('WPP 2024 середина года'!$B:$U,MATCH($A6,'WPP 2024 середина года'!$A:$A,0),MATCH(B$1,'WPP 2024 середина года'!$B$1:$U$1,0))/(1000*INDEX('SALA 2002'!$B:$U,MATCH($A6,'SALA 2002'!$A:$A,0),MATCH(B$1,'SALA 2002'!$B$1:$U$1,0))),($A6-1994)/7),INDEX('WPP 2024 середина года'!$B:$U,MATCH($A6,'WPP 2024 середина года'!$A:$A,0),MATCH(B$1,'WPP 2024 середина года'!$B$1:$U$1,0))))) -> 5104 | C6: =IF($A6<=1951,INDEX('SALA 1974'!$B:$U,MATCH($A6,'SALA 1974'!$A:$A,0),MATCH(C$1,'SALA 1974'!$B$1:$U$1,0)),IF($A6<=1994,1000*INDEX('SALA 2002'!$B:$U,MATCH($A6,'SALA 2002'!$A:$A,0),MATCH(C$1,'SALA 2002'!$B$1:$U$1,0)),IF($A6<=2000,1000*INDEX('SALA 2002'!$B:$U,MATCH($A6,'SALA 2002'!$A:$A,0),MATCH(C$1,'SALA 2002'!$B$1:$U$1,0))*POWER(INDEX('WPP 2024 середина года'!$B:$U,MATCH($A6,'WPP 2024 середина года'!$A:$A,0),MATCH(C$1,'WPP 2024 середина года'!$B$1:$U$1,0))/(1000*INDEX('SALA 2002'!$B:$U,MATCH($A6,'SALA 2002'!$A:$A,0),MATCH(C$1,'SALA 2002'!$B$1:$U$1,0))),($A6-1994)/7),INDEX('WPP 2024 середина года'!$B:$U,MATCH($A6,'WPP 2024 середина года'!$A:$A,0),MATCH(C$1,'WPP 2024 середина года'!$B$1:$U$1,0))))) -> 1840 | D6: =IF($A6<=1951,INDEX('SALA 1974'!$B:$U,MATCH($A6,'SALA 1974'!$A:$A,0),MATCH(D$1,'SALA 1974'!$B$1:$U$1,0)),IF($A6<=1994,1000*INDEX('SALA 2002'!$B:$U,MATCH($A6,'SALA 2002'!$A:$A,0),MATCH(D$1,'SALA 2002'!$B$1:$U$1,0)),IF($A6<=2000,1000*INDEX('SALA 2002'!$B:$U,MATCH($A6,'SALA 2002'!$A:$A,0),MATCH(D$1,'SALA 2002'!$B$1:$U$1,0))*POWER(INDEX('WPP 2024 середина года'!$B:$U,MATCH($A6,'WPP 2024 середина года'!$A:$A,0),MATCH(D$1,'WPP 2024 середина года'!$B$1:$U$1,0))/(1000*INDEX('SALA 2002'!$B:$U,MATCH($A6,'SALA 2002'!$A:$A,0),MATCH(D$1,'SALA 2002'!$B$1:$U$1,0))),($A6-1994)/7),INDEX('WPP 2024 середина года'!$B:$U,MATCH($A6,'WPP 2024 середина года'!$A:$A,0),MATCH(D$1,'WPP 2024 середина года'!$B$1:$U$1,0))))) -> 19587 | E6: =IF($A6<=1951,INDEX('SALA 1974'!$B:$U,MATCH($A6,'SALA 1974'!$A:$A,0),MATCH(E$1,'SALA 1974'!$B$1:$U$1,0)),IF($A6<=1994,1000*INDEX('SALA 2002'!$B:$U,MATCH($A6,'SALA 2002'!$A:$A,0),MATCH(E$1,'SALA 2002'!$B$1:$U$1,0)),IF($A6<=2000,1000*INDEX('SALA 2002'!$B:$U,MATCH($A6,'SALA 2002'!$A:$A,0),MATCH(E$1,'SALA 2002'!$B$1:$U$1,0))*POWER(INDEX('WPP 2024 середина года'!$B:$U,MATCH($A6,'WPP 2024 середина года'!$A:$A,0),MATCH(E$1,'WPP 2024 середина года'!$B$1:$U$1,0))/(1000*INDEX('SALA 2002'!$B:$U,MATCH($A6,'SALA 2002'!$A:$A,0),MATCH(E$1,'SALA 2002'!$B$1:$U$1,0))),($A6-1994)/7),INDEX('WPP 2024 середина года'!$B:$U,MATCH($A6,'WPP 2024 середина года'!$A:$A,0),MATCH(E$1,'WPP 2024 середина года'!$B$1:$U$1,0))))) -> 3102 | F6: =IF($A6<=1947,INDEX('SALA 1974'!$B:$U,MATCH($A6,'SALA 1974'!$A:$A,0),MATCH(F$1,'SALA 1974'!$B$1:$U$1,0)),IF($A6<=1994,1000*INDEX('SALA 2002'!$B:$U,MATCH($A6,'SALA 2002'!$A:$A,0),MATCH(F$1,'SALA 2002'!$B$1:$U$1,0)),IF($A6<=2000,1000*INDEX('SALA 2002'!$B:$U,MATCH($A6,'SALA 2002'!$A:$A,0),MATCH(F$1,'SALA 2002'!$B$1:$U$1,0))*POWER(INDEX('WPP 2024 середина года'!$B:$U,MATCH($A6,'WPP 2024 середина года'!$A:$A,0),MATCH(F$1,'WPP 2024 середина года'!$B$1:$U$1,0))/(1000*INDEX('SALA 2002'!$B:$U,MATCH($A6,'SALA 2002'!$A:$A,0),MATCH(F$1,'SALA 2002'!$B$1:$U$1,0))),($A6-1994)/7),INDEX('WPP 2024 середина года'!$B:$U,MATCH($A6,'WPP 2024 середина года'!$A:$A,0),MATCH(F$1,'WPP 2024 середина года'!$B$1:$U$1,0))))) -> 4094 | G6: =IF($A6<=1951,INDEX('SALA 1974'!$B:$U,MATCH($A6,'SALA 1974'!$A:$A,0),MATCH(G$1,'SALA 1974'!$B$1:$U$1,0)),IF($A6<=1994,1000*INDEX('SALA 2002'!$B:$U,MATCH($A6,'SALA 2002'!$A:$A,0),MATCH(G$1,'SALA 2002'!$B$1:$U$1,0)),IF($A6<=2000,1000*INDEX('SALA 2002'!$B:$U,MATCH($A6,'SALA 2002'!$A:$A,0),MATCH(G$1,'SALA 2002'!$B$1:$U$1,0))*POWER(INDEX('WPP 2024 середина года'!$B:$U,MATCH($A6,'WPP 2024 середина года'!$A:$A,0),MATCH(G$1,'WPP 2024 середина года'!$B$1:$U$1,0))/(1000*INDEX('SALA 2002'!$B:$U,MATCH($A6,'SALA 2002'!$A:$A,0),MATCH(G$1,'SALA 2002'!$B$1:$U$1,0))),($A6-1994)/7),INDEX('WPP 2024 середина года'!$B:$U,MATCH($A6,'WPP 2024 середина года'!$A:$A,0),MATCH(G$1,'WPP 2024 середина года'!$B$1:$U$1,0))))) -> 330 | H6: =IF($A6<=1951,INDEX('SALA 1974'!$B:$U,MATCH($A6,'SALA 1974'!$A:$A,0),MATCH(H$1,'SALA 1974'!$B$1:$U$1,0)),IF($A6<=1994,1000*INDEX('SALA 2002'!$B:$U,MATCH($A6,'SALA 2002'!$A:$A,0),MATCH(H$1,'SALA 2002'!$B$1:$U$1,0)),IF($A6<=2000,1000*INDEX('SALA 2002'!$B:$U,MATCH($A6,'SALA 2002'!$A:$A,0),MATCH(H$1,'SALA 2002'!$B$1:$U$1,0))*POWER(INDEX('WPP 2024 середина года'!$B:$U,MATCH($A6,'WPP 2024 середина года'!$A:$A,0),MATCH(H$1,'WPP 2024 середина года'!$B$1:$U$1,0))/(1000*INDEX('SALA 2002'!$B:$U,MATCH($A6,'SALA 2002'!$A:$A,0),MATCH(H$1,'SALA 2002'!$B$1:$U$1,0))),($A6-1994)/7),INDEX('WPP 2024 середина года'!$B:$U,MATCH($A6,'WPP 2024 середина года'!$A:$A,0),MATCH(H$1,'WPP 2024 середина года'!$B$1:$U$1,0))))) -> 1879 | I6: =IF($A6<=1951,INDEX('SALA 1974'!$B:$U,MATCH($A6,'SALA 1974'!$A:$A,0),MATCH(I$1,'SALA 1974'!$B$1:$U$1,0)),IF($A6<=1994,1000*INDEX('SALA 2002'!$B:$U,MATCH($A6,'SALA 2002'!$A:$A,0),MATCH(I$1,'SALA 2002'!$B$1:$U$1,0)),IF($A6<=2000,1000*INDEX('SALA 2002'!$B:$U,MATCH($A6,'SALA 2002'!$A:$A,0),MATCH(I$1,'SALA 2002'!$B$1:$U$1,0))*POWER(INDEX('WPP 2024 середина года'!$B:$U,MATCH($A6,'WPP 2024 середина года'!$A:$A,0),MATCH(I$1,'WPP 2024 середина года'!$B$1:$U$1,0))/(1000*INDEX('SALA 2002'!$B:$U,MATCH($A6,'SALA 2002'!$A:$A,0),MATCH(I$1,'SALA 2002'!$B$1:$U$1,0))),($A6-1994)/7),INDEX('WPP 2024 середина года'!$B:$U,MATCH($A6,'WPP 2024 середина года'!$A:$A,0),MATCH(I$1,'WPP 2024 середина года'!$B$1:$U$1,0))))) -> 656 | J6: =IF($A6<=1951,INDEX('SALA 1974'!$B:$U,MATCH($A6,'SALA 1974'!$A:$A,0),MATCH(J$1,'SALA 1974'!$B$1:$U$1,0)),IF($A6<=1994,1000*INDEX('SALA 2002'!$B:$U,MATCH($A6,'SALA 2002'!$A:$A,0),MATCH(J$1,'SALA 2002'!$B$1:$U$1,0)),IF($A6<=2000,1000*INDEX('SALA 2002'!$B:$U,MATCH($A6,'SALA 2002'!$A:$A,0),MATCH(J$1,'SALA 2002'!$B$1:$U$1,0))*POWER(INDEX('WPP 2024 середина года'!$B:$U,MATCH($A6,'WPP 2024 середина года'!$A:$A,0),MATCH(J$1,'WPP 2024 середина года'!$B$1:$U$1,0))/(1000*INDEX('SALA 2002'!$B:$U,MATCH($A6,'SALA 2002'!$A:$A,0),MATCH(J$1,'SALA 2002'!$B$1:$U$1,0))),($A6-1994)/7),INDEX('WPP 2024 середина года'!$B:$U,MATCH($A6,'WPP 2024 середина года'!$A:$A,0),MATCH(J$1,'WPP 2024 середина года'!$B$1:$U$1,0))))) -> 1348 | K6: =IF($A6<=1951,INDEX('SALA 1974'!$B:$U,MATCH($A6,'SALA 1974'!$A:$A,0),MATCH(K$1,'SALA 1974'!$B$1:$U$1,0)),IF($A6<=1994,1000*INDEX('SALA 2002'!$B:$U,MATCH($A6,'SALA 2002'!$A:$A,0),MATCH(K$1,'SALA 2002'!$B$1:$U$1,0)),IF($A6<=2000,1000*INDEX('SALA 2002'!$B:$U,MATCH($A6,'SALA 2002'!$A:$A,0),MATCH(K$1,'SALA 2002'!$B$1:$U$1,0))*POWER(INDEX('WPP 2024 середина года'!$B:$U,MATCH($A6,'WPP 2024 середина года'!$A:$A,0),MATCH(K$1,'WPP 2024 середина года'!$B$1:$U$1,0))/(1000*INDEX('SALA 2002'!$B:$U,MATCH($A6,'SALA 2002'!$A:$A,0),MATCH(K$1,'SALA 2002'!$B$1:$U$1,0))),($A6-1994)/7),INDEX('WPP 2024 середина года'!$B:$U,MATCH($A6,'WPP 2024 середина года'!$A:$A,0),MATCH(K$1,'WPP 2024 середина года'!$B$1:$U$1,0))))) -> 874 | L6: =IF($A6<=1951,INDEX('SALA 1974'!$B:$U,MATCH($A6,'SALA 1974'!$A:$A,0),MATCH(L$1,'SALA 1974'!$B$1:$U$1,0)),IF($A6<=1994,1000*INDEX('SALA 2002'!$B:$U,MATCH($A6,'SALA 2002'!$A:$A,0),MATCH(L$1,'SALA 2002'!$B$1:$U$1,0)),IF($A6<=2000,1000*INDEX('SALA 2002'!$B:$U,MATCH($A6,'SALA 2002'!$A:$A,0),MATCH(L$1,'SALA 2002'!$B$1:$U$1,0))*POWER(INDEX('WPP 2024 середина года'!$B:$U,MATCH($A6,'WPP 2024 середина года'!$A:$A,0),MATCH(L$1,'WPP 2024 середина года'!$B$1:$U$1,0))/(1000*INDEX('SALA 2002'!$B:$U,MATCH($A6,'SALA 2002'!$A:$A,0),MATCH(L$1,'SALA 2002'!$B$1:$U$1,0))),($A6-1994)/7),INDEX('WPP 2024 середина года'!$B:$U,MATCH($A6,'WPP 2024 середина года'!$A:$A,0),MATCH(L$1,'WPP 2024 середина года'!$B$1:$U$1,0))))) -> 987 | M6: =IF($A6<=1951,INDEX('SALA 1974'!$B:$U,MATCH($A6,'SALA 1974'!$A:$A,0),MATCH(M$1,'SALA 1974'!$B$1:$U$1,0)),IF($A6<=1994,1000*INDEX('SALA 2002'!$B:$U,MATCH($A6,'SALA 2002'!$A:$A,0),MATCH(M$1,'SALA 2002'!$B$1:$U$1,0)),IF($A6<=2000,1000*INDEX('SALA 2002'!$B:$U,MATCH($A6,'SALA 2002'!$A:$A,0),MATCH(M$1,'SALA 2002'!$B$1:$U$1,0))*POWER(INDEX('WPP 2024 середина года'!$B:$U,MATCH($A6,'WPP 2024 середина года'!$A:$A,0),MATCH(M$1,'WPP 2024 середина года'!$B$1:$U$1,0))/(1000*INDEX('SALA 2002'!$B:$U,MATCH($A6,'SALA 2002'!$A:$A,0),MATCH(M$1,'SALA 2002'!$B$1:$U$1,0))),($A6-1994)/7),INDEX('WPP 2024 середина года'!$B:$U,MATCH($A6,'WPP 2024 середина года'!$A:$A,0),MATCH(M$1,'WPP 2024 середина года'!$B$1:$U$1,0))))) -> 1425 | N6: =IF($A6<=1951,INDEX('SALA 1974'!$B:$U,MATCH($A6,'SALA 1974'!$A:$A,0),MATCH(N$1,'SALA 1974'!$B$1:$U$1,0)),IF($A6<=1994,1000*INDEX('SALA 2002'!$B:$U,MATCH($A6,'SALA 2002'!$A:$A,0),MATCH(N$1,'SALA 2002'!$B$1:$U$1,0)),IF($A6<=2000,1000*INDEX('SALA 2002'!$B:$U,MATCH($A6,'SALA 2002'!$A:$A,0),MATCH(N$1,'SALA 2002'!$B$1:$U$1,0))*POWER(INDEX('WPP 2024 середина года'!$B:$U,MATCH($A6,'WPP 2024 середина года'!$A:$A,0),MATCH(N$1,'WPP 2024 середина года'!$B$1:$U$1,0))/(1000*INDEX('SALA 2002'!$B:$U,MATCH($A6,'SALA 2002'!$A:$A,0),MATCH(N$1,'SALA 2002'!$B$1:$U$1,0))),($A6-1994)/7),INDEX('WPP 2024 середина года'!$B:$U,MATCH($A6,'WPP 2024 середина года'!$A:$A,0),MATCH(N$1,'WPP 2024 середина года'!$B$1:$U$1,0))))) -> 484 | ... U6: =IF($A6<=1951,INDEX('SALA 1974'!$B:$U,MATCH($A6,'SALA 1974'!$A:$A,0),MATCH(U$1,'SALA 1974'!$B$1:$U$1,0)),IF($A6<=1994,1000*INDEX('SALA 2002'!$B:$U,MATCH($A6,'SALA 2002'!$A:$A,0),MATCH(U$1,'SALA 2002'!$B$1:$U$1,0)),IF($A6<=2000,1000*INDEX('SALA 2002'!$B:$U,MATCH($A6,'SALA 2002'!$A:$A,0),MATCH(U$1,'SALA 2002'!$B$1:$U$1,0))*POWER(INDEX('WPP 2024 середина года'!$B:$U,MATCH($A6,'WPP 2024 середина года'!$A:$A,0),MATCH(U$1,'WPP 2024 середина года'!$B$1:$U$1,0))/(1000*INDEX('SALA 2002'!$B:$U,MATCH($A6,'SALA 2002'!$A:$A,0),MATCH(U$1,'SALA 2002'!$B$1:$U$1,0))),($A6-1994)/7),INDEX('WPP 2024 середина года'!$B:$U,MATCH($A6,'WPP 2024 середина года'!$A:$A,0),MATCH(U$1,'WPP 2024 середина года'!$B$1:$U$1,0))))) -> 2471
A7: =A6+1 -> 1905 | B7: =IF($A7<=1951,INDEX('SALA 1974'!$B:$U,MATCH($A7,'SALA 1974'!$A:$A,0),MATCH(B$1,'SALA 1974'!$B$1:$U$1,0)),IF($A7<=1994,1000*INDEX('SALA 2002'!$B:$U,MATCH($A7,'SALA 2002'!$A:$A,0),MATCH(B$1,'SALA 2002'!$B$1:$U$1,0)),IF($A7<=2000,1000*INDEX('SALA 2002'!$B:$U,MATCH($A7,'SALA 2002'!$A:$A,0),MATCH(B$1,'SALA 2002'!$B$1:$U$1,0))*POWER(INDEX('WPP 2024 середина года'!$B:$U,MATCH($A7,'WPP 2024 середина года'!$A:$A,0),MATCH(B$1,'WPP 2024 середина года'!$B$1:$U$1,0))/(1000*INDEX('SALA 2002'!$B:$U,MATCH($A7,'SALA 2002'!$A:$A,0),MATCH(B$1,'SALA 2002'!$B$1:$U$1,0))),($A7-1994)/7),INDEX('WPP 2024 середина года'!$B:$U,MATCH($A7,'WPP 2024 середина года'!$A:$A,0),MATCH(B$1,'WPP 2024 середина года'!$B$1:$U$1,0))))) -> 5290 | C7: =IF($A7<=1951,INDEX('SALA 1974'!$B:$U,MATCH($A7,'SALA 1974'!$A:$A,0),MATCH(C$1,'SALA 1974'!$B$1:$U$1,0)),IF($A7<=1994,1000*INDEX('SALA 2002'!$B:$U,MATCH($A7,'SALA 2002'!$A:$A,0),MATCH(C$1,'SALA 2002'!$B$1:$U$1,0)),IF($A7<=2000,1000*INDEX('SALA 2002'!$B:$U,MATCH($A7,'SALA 2002'!$A:$A,0),MATCH(C$1,'SALA 2002'!$B$1:$U$1,0))*POWER(INDEX('WPP 2024 середина года'!$B:$U,MATCH($A7,'WPP 2024 середина года'!$A:$A,0),MATCH(C$1,'WPP 2024 середина года'!$B$1:$U$1,0))/(1000*INDEX('SALA 2002'!$B:$U,MATCH($A7,'SALA 2002'!$A:$A,0),MATCH(C$1,'SALA 2002'!$B$1:$U$1,0))),($A7-1994)/7),INDEX('WPP 2024 середина года'!$B:$U,MATCH($A7,'WPP 2024 середина года'!$A:$A,0),MATCH(C$1,'WPP 2024 середина года'!$B$1:$U$1,0))))) -> 1859 | D7: =IF($A7<=1951,INDEX('SALA 1974'!$B:$U,MATCH($A7,'SALA 1974'!$A:$A,0),MATCH(D$1,'SALA 1974'!$B$1:$U$1,0)),IF($A7<=1994,1000*INDEX('SALA 2002'!$B:$U,MATCH($A7,'SALA 2002'!$A:$A,0),MATCH(D$1,'SALA 2002'!$B$1:$U$1,0)),IF($A7<=2000,1000*INDEX('SALA 2002'!$B:$U,MATCH($A7,'SALA 2002'!$A:$A,0),MATCH(D$1,'SALA 2002'!$B$1:$U$1,0))*POWER(INDEX('WPP 2024 середина года'!$B:$U,MATCH($A7,'WPP 2024 середина года'!$A:$A,0),MATCH(D$1,'WPP 2024 середина года'!$B$1:$U$1,0))/(1000*INDEX('SALA 2002'!$B:$U,MATCH($A7,'SALA 2002'!$A:$A,0),MATCH(D$1,'SALA 2002'!$B$1:$U$1,0))),($A7-1994)/7),INDEX('WPP 2024 середина года'!$B:$U,MATCH($A7,'WPP 2024 середина года'!$A:$A,0),MATCH(D$1,'WPP 2024 середина года'!$B$1:$U$1,0))))) -> 20003 | E7: =IF($A7<=1951,INDEX('SALA 1974'!$B:$U,MATCH($A7,'SALA 1974'!$A:$A,0),MATCH(E$1,'SALA 1974'!$B$1:$U$1,0)),IF($A7<=1994,1000*INDEX('SALA 2002'!$B:$U,MATCH($A7,'SALA 2002'!$A:$A,0),MATCH(E$1,'SALA 2002'!$B$1:$U$1,0)),IF($A7<=2000,1000*INDEX('SALA 2002'!$B:$U,MATCH($A7,'SALA 2002'!$A:$A,0),MATCH(E$1,'SALA 2002'!$B$1:$U$1,0))*POWER(INDEX('WPP 2024 середина года'!$B:$U,MATCH($A7,'WPP 2024 середина года'!$A:$A,0),MATCH(E$1,'WPP 2024 середина года'!$B$1:$U$1,0))/(1000*INDEX('SALA 2002'!$B:$U,MATCH($A7,'SALA 2002'!$A:$A,0),MATCH(E$1,'SALA 2002'!$B$1:$U$1,0))),($A7-1994)/7),INDEX('WPP 2024 середина года'!$B:$U,MATCH($A7,'WPP 2024 середина года'!$A:$A,0),MATCH(E$1,'WPP 2024 середина года'!$B$1:$U$1,0))))) -> 3139 | F7: =IF($A7<=1947,INDEX('SALA 1974'!$B:$U,MATCH($A7,'SALA 1974'!$A:$A,0),MATCH(F$1,'SALA 1974'!$B$1:$U$1,0)),IF($A7<=1994,1000*INDEX('SALA 2002'!$B:$U,MATCH($A7,'SALA 2002'!$A:$A,0),MATCH(F$1,'SALA 2002'!$B$1:$U$1,0)),IF($A7<=2000,1000*INDEX('SALA 2002'!$B:$U,MATCH($A7,'SALA 2002'!$A:$A,0),MATCH(F$1,'SALA 2002'!$B$1:$U$1,0))*POWER(INDEX('WPP 2024 середина года'!$B:$U,MATCH($A7,'WPP 2024 середина года'!$A:$A,0),MATCH(F$1,'WPP 2024 середина года'!$B$1:$U$1,0))/(1000*INDEX('SALA 2002'!$B:$U,MATCH($A7,'SALA 2002'!$A:$A,0),MATCH(F$1,'SALA 2002'!$B$1:$U$1,0))),($A7-1994)/7),INDEX('WPP 2024 середина года'!$B:$U,MATCH($A7,'WPP 2024 середина года'!$A:$A,0),MATCH(F$1,'WPP 2024 середина года'!$B$1:$U$1,0))))) -> 4144 | G7: =IF($A7<=1951,INDEX('SALA 1974'!$B:$U,MATCH($A7,'SALA 1974'!$A:$A,0),MATCH(G$1,'SALA 1974'!$B$1:$U$1,0)),IF($A7<=1994,1000*INDEX('SALA 2002'!$B:$U,MATCH($A7,'SALA 2002'!$A:$A,0),MATCH(G$1,'SALA 2002'!$B$1:$U$1,0)),IF($A7<=2000,1000*INDEX('SALA 2002'!$B:$U,MATCH($A7,'SALA 2002'!$A:$A,0),MATCH(G$1,'SALA 2002'!$B$1:$U$1,0))*POWER(INDEX('WPP 2024 середина года'!$B:$U,MATCH($A7,'WPP 2024 середина года'!$A:$A,0),MATCH(G$1,'WPP 2024 середина года'!$B$1:$U$1,0))/(1000*INDEX('SALA 2002'!$B:$U,MATCH($A7,'SALA 2002'!$A:$A,0),MATCH(G$1,'SALA 2002'!$B$1:$U$1,0))),($A7-1994)/7),INDEX('WPP 2024 середина года'!$B:$U,MATCH($A7,'WPP 2024 середина года'!$A:$A,0),MATCH(G$1,'WPP 2024 середина года'!$B$1:$U$1,0))))) -> 336 | H7: =IF($A7<=1951,INDEX('SALA 1974'!$B:$U,MATCH($A7,'SALA 1974'!$A:$A,0),MATCH(H$1,'SALA 1974'!$B$1:$U$1,0)),IF($A7<=1994,1000*INDEX('SALA 2002'!$B:$U,MATCH($A7,'SALA 2002'!$A:$A,0),MATCH(H$1,'SALA 2002'!$B$1:$U$1,0)),IF($A7<=2000,1000*INDEX('SALA 2002'!$B:$U,MATCH($A7,'SALA 2002'!$A:$A,0),MATCH(H$1,'SALA 2002'!$B$1:$U$1,0))*POWER(INDEX('WPP 2024 середина года'!$B:$U,MATCH($A7,'WPP 2024 середина года'!$A:$A,0),MATCH(H$1,'WPP 2024 середина года'!$B$1:$U$1,0))/(1000*INDEX('SALA 2002'!$B:$U,MATCH($A7,'SALA 2002'!$A:$A,0),MATCH(H$1,'SALA 2002'!$B$1:$U$1,0))),($A7-1994)/7),INDEX('WPP 2024 середина года'!$B:$U,MATCH($A7,'WPP 2024 середина года'!$A:$A,0),MATCH(H$1,'WPP 2024 середина года'!$B$1:$U$1,0))))) -> 1927 | I7: =IF($A7<=1951,INDEX('SALA 1974'!$B:$U,MATCH($A7,'SALA 1974'!$A:$A,0),MATCH(I$1,'SALA 1974'!$B$1:$U$1,0)),IF($A7<=1994,1000*INDEX('SALA 2002'!$B:$U,MATCH($A7,'SALA 2002'!$A:$A,0),MATCH(I$1,'SALA 2002'!$B$1:$U$1,0)),IF($A7<=2000,1000*INDEX('SALA 2002'!$B:$U,MATCH($A7,'SALA 2002'!$A:$A,0),MATCH(I$1,'SALA 2002'!$B$1:$U$1,0))*POWER(INDEX('WPP 2024 середина года'!$B:$U,MATCH($A7,'WPP 2024 середина года'!$A:$A,0),MATCH(I$1,'WPP 2024 середина года'!$B$1:$U$1,0))/(1000*INDEX('SALA 2002'!$B:$U,MATCH($A7,'SALA 2002'!$A:$A,0),MATCH(I$1,'SALA 2002'!$B$1:$U$1,0))),($A7-1994)/7),INDEX('WPP 2024 середина года'!$B:$U,MATCH($A7,'WPP 2024 середина года'!$A:$A,0),MATCH(I$1,'WPP 2024 середина года'!$B$1:$U$1,0))))) -> 670 | J7: =IF($A7<=1951,INDEX('SALA 1974'!$B:$U,MATCH($A7,'SALA 1974'!$A:$A,0),MATCH(J$1,'SALA 1974'!$B$1:$U$1,0)),IF($A7<=1994,1000*INDEX('SALA 2002'!$B:$U,MATCH($A7,'SALA 2002'!$A:$A,0),MATCH(J$1,'SALA 2002'!$B$1:$U$1,0)),IF($A7<=2000,1000*INDEX('SALA 2002'!$B:$U,MATCH($A7,'SALA 2002'!$A:$A,0),MATCH(J$1,'SALA 2002'!$B$1:$U$1,0))*POWER(INDEX('WPP 2024 середина года'!$B:$U,MATCH($A7,'WPP 2024 середина года'!$A:$A,0),MATCH(J$1,'WPP 2024 середина года'!$B$1:$U$1,0))/(1000*INDEX('SALA 2002'!$B:$U,MATCH($A7,'SALA 2002'!$A:$A,0),MATCH(J$1,'SALA 2002'!$B$1:$U$1,0))),($A7-1994)/7),INDEX('WPP 2024 середина года'!$B:$U,MATCH($A7,'WPP 2024 середина года'!$A:$A,0),MATCH(J$1,'WPP 2024 середина года'!$B$1:$U$1,0))))) -> 1360 | K7: =IF($A7<=1951,INDEX('SALA 1974'!$B:$U,MATCH($A7,'SALA 1974'!$A:$A,0),MATCH(K$1,'SALA 1974'!$B$1:$U$1,0)),IF($A7<=1994,1000*INDEX('SALA 2002'!$B:$U,MATCH($A7,'SALA 2002'!$A:$A,0),MATCH(K$1,'SALA 2002'!$B$1:$U$1,0)),IF($A7<=2000,1000*INDEX('SALA 2002'!$B:$U,MATCH($A7,'SALA 2002'!$A:$A,0),MATCH(K$1,'SALA 2002'!$B$1:$U$1,0))*POWER(INDEX('WPP 2024 середина года'!$B:$U,MATCH($A7,'WPP 2024 середина года'!$A:$A,0),MATCH(K$1,'WPP 2024 середина года'!$B$1:$U$1,0))/(1000*INDEX('SALA 2002'!$B:$U,MATCH($A7,'SALA 2002'!$A:$A,0),MATCH(K$1,'SALA 2002'!$B$1:$U$1,0))),($A7-1994)/7),INDEX('WPP 2024 середина года'!$B:$U,MATCH($A7,'WPP 2024 середина года'!$A:$A,0),MATCH(K$1,'WPP 2024 середина года'!$B$1:$U$1,0))))) -> 893 | L7: =IF($A7<=1951,INDEX('SALA 1974'!$B:$U,MATCH($A7,'SALA 1974'!$A:$A,0),MATCH(L$1,'SALA 1974'!$B$1:$U$1,0)),IF($A7<=1994,1000*INDEX('SALA 2002'!$B:$U,MATCH($A7,'SALA 2002'!$A:$A,0),MATCH(L$1,'SALA 2002'!$B$1:$U$1,0)),IF($A7<=2000,1000*INDEX('SALA 2002'!$B:$U,MATCH($A7,'SALA 2002'!$A:$A,0),MATCH(L$1,'SALA 2002'!$B$1:$U$1,0))*POWER(INDEX('WPP 2024 середина года'!$B:$U,MATCH($A7,'WPP 2024 середина года'!$A:$A,0),MATCH(L$1,'WPP 2024 середина года'!$B$1:$U$1,0))/(1000*INDEX('SALA 2002'!$B:$U,MATCH($A7,'SALA 2002'!$A:$A,0),MATCH(L$1,'SALA 2002'!$B$1:$U$1,0))),($A7-1994)/7),INDEX('WPP 2024 середина года'!$B:$U,MATCH($A7,'WPP 2024 середина года'!$A:$A,0),MATCH(L$1,'WPP 2024 середина года'!$B$1:$U$1,0))))) -> 1013 | M7: =IF($A7<=1951,INDEX('SALA 1974'!$B:$U,MATCH($A7,'SALA 1974'!$A:$A,0),MATCH(M$1,'SALA 1974'!$B$1:$U$1,0)),IF($A7<=1994,1000*INDEX('SALA 2002'!$B:$U,MATCH($A7,'SALA 2002'!$A:$A,0),MATCH(M$1,'SALA 2002'!$B$1:$U$1,0)),IF($A7<=2000,1000*INDEX('SALA 2002'!$B:$U,MATCH($A7,'SALA 2002'!$A:$A,0),MATCH(M$1,'SALA 2002'!$B$1:$U$1,0))*POWER(INDEX('WPP 2024 середина года'!$B:$U,MATCH($A7,'WPP 2024 середина года'!$A:$A,0),MATCH(M$1,'WPP 2024 середина года'!$B$1:$U$1,0))/(1000*INDEX('SALA 2002'!$B:$U,MATCH($A7,'SALA 2002'!$A:$A,0),MATCH(M$1,'SALA 2002'!$B$1:$U$1,0))),($A7-1994)/7),INDEX('WPP 2024 середина года'!$B:$U,MATCH($A7,'WPP 2024 середина года'!$A:$A,0),MATCH(M$1,'WPP 2024 середина года'!$B$1:$U$1,0))))) -> 1468 | N7: =IF($A7<=1951,INDEX('SALA 1974'!$B:$U,MATCH($A7,'SALA 1974'!$A:$A,0),MATCH(N$1,'SALA 1974'!$B$1:$U$1,0)),IF($A7<=1994,1000*INDEX('SALA 2002'!$B:$U,MATCH($A7,'SALA 2002'!$A:$A,0),MATCH(N$1,'SALA 2002'!$B$1:$U$1,0)),IF($A7<=2000,1000*INDEX('SALA 2002'!$B:$U,MATCH($A7,'SALA 2002'!$A:$A,0),MATCH(N$1,'SALA 2002'!$B$1:$U$1,0))*POWER(INDEX('WPP 2024 середина года'!$B:$U,MATCH($A7,'WPP 2024 середина года'!$A:$A,0),MATCH(N$1,'WPP 2024 середина года'!$B$1:$U$1,0))/(1000*INDEX('SALA 2002'!$B:$U,MATCH($A7,'SALA 2002'!$A:$A,0),MATCH(N$1,'SALA 2002'!$B$1:$U$1,0))),($A7-1994)/7),INDEX('WPP 2024 середина года'!$B:$U,MATCH($A7,'WPP 2024 середина года'!$A:$A,0),MATCH(N$1,'WPP 2024 середина года'!$B$1:$U$1,0))))) -> 500 | ... U7: =IF($A7<=1951,INDEX('SALA 1974'!$B:$U,MATCH($A7,'SALA 1974'!$A:$A,0),MATCH(U$1,'SALA 1974'!$B$1:$U$1,0)),IF($A7<=1994,1000*INDEX('SALA 2002'!$B:$U,MATCH($A7,'SALA 2002'!$A:$A,0),MATCH(U$1,'SALA 2002'!$B$1:$U$1,0)),IF($A7<=2000,1000*INDEX('SALA 2002'!$B:$U,MATCH($A7,'SALA 2002'!$A:$A,0),MATCH(U$1,'SALA 2002'!$B$1:$U$1,0))*POWER(INDEX('WPP 2024 середина года'!$B:$U,MATCH($A7,'WPP 2024 середина года'!$A:$A,0),MATCH(U$1,'WPP 2024 середина года'!$B$1:$U$1,0))/(1000*INDEX('SALA 2002'!$B:$U,MATCH($A7,'SALA 2002'!$A:$A,0),MATCH(U$1,'SALA 2002'!$B$1:$U$1,0))),($A7-1994)/7),INDEX('WPP 2024 середина года'!$B:$U,MATCH($A7,'WPP 2024 середина года'!$A:$A,0),MATCH(U$1,'WPP 2024 середина года'!$B$1:$U$1,0))))) -> 2492
A8: =A7+1 -> 1906 | B8: =IF($A8<=1951,INDEX('SALA 1974'!$B:$U,MATCH($A8,'SALA 1974'!$A:$A,0),MATCH(B$1,'SALA 1974'!$B$1:$U$1,0)),IF($A8<=1994,1000*INDEX('SALA 2002'!$B:$U,MATCH($A8,'SALA 2002'!$A:$A,0),MATCH(B$1,'SALA 2002'!$B$1:$U$1,0)),IF($A8<=2000,1000*INDEX('SALA 2002'!$B:$U,MATCH($A8,'SALA 2002'!$A:$A,0),MATCH(B$1,'SALA 2002'!$B$1:$U$1,0))*POWER(INDEX('WPP 2024 середина года'!$B:$U,MATCH($A8,'WPP 2024 середина года'!$A:$A,0),MATCH(B$1,'WPP 2024 середина года'!$B$1:$U$1,0))/(1000*INDEX('SALA 2002'!$B:$U,MATCH($A8,'SALA 2002'!$A:$A,0),MATCH(B$1,'SALA 2002'!$B$1:$U$1,0))),($A8-1994)/7),INDEX('WPP 2024 середина года'!$B:$U,MATCH($A8,'WPP 2024 середина года'!$A:$A,0),MATCH(B$1,'WPP 2024 середина года'!$B$1:$U$1,0))))) -> 5524 | C8: =IF($A8<=1951,INDEX('SALA 1974'!$B:$U,MATCH($A8,'SALA 1974'!$A:$A,0),MATCH(C$1,'SALA 1974'!$B$1:$U$1,0)),IF($A8<=1994,1000*INDEX('SALA 2002'!$B:$U,MATCH($A8,'SALA 2002'!$A:$A,0),MATCH(C$1,'SALA 2002'!$B$1:$U$1,0)),IF($A8<=2000,1000*INDEX('SALA 2002'!$B:$U,MATCH($A8,'SALA 2002'!$A:$A,0),MATCH(C$1,'SALA 2002'!$B$1:$U$1,0))*POWER(INDEX('WPP 2024 середина года'!$B:$U,MATCH($A8,'WPP 2024 середина года'!$A:$A,0),MATCH(C$1,'WPP 2024 середина года'!$B$1:$U$1,0))/(1000*INDEX('SALA 2002'!$B:$U,MATCH($A8,'SALA 2002'!$A:$A,0),MATCH(C$1,'SALA 2002'!$B$1:$U$1,0))),($A8-1994)/7),INDEX('WPP 2024 середина года'!$B:$U,MATCH($A8,'WPP 2024 середина года'!$A:$A,0),MATCH(C$1,'WPP 2024 середина года'!$B$1:$U$1,0))))) -> 1877 | D8: =IF($A8<=1951,INDEX('SALA 1974'!$B:$U,MATCH($A8,'SALA 1974'!$A:$A,0),MATCH(D$1,'SALA 1974'!$B$1:$U$1,0)),IF($A8<=1994,1000*INDEX('SALA 2002'!$B:$U,MATCH($A8,'SALA 2002'!$A:$A,0),MATCH(D$1,'SALA 2002'!$B$1:$U$1,0)),IF($A8<=2000,1000*INDEX('SALA 2002'!$B:$U,MATCH($A8,'SALA 2002'!$A:$A,0),MATCH(D$1,'SALA 2002'!$B$1:$U$1,0))*POWER(INDEX('WPP 2024 середина года'!$B:$U,MATCH($A8,'WPP 2024 середина года'!$A:$A,0),MATCH(D$1,'WPP 2024 середина года'!$B$1:$U$1,0))/(1000*INDEX('SALA 2002'!$B:$U,MATCH($A8,'SALA 2002'!$A:$A,0),MATCH(D$1,'SALA 2002'!$B$1:$U$1,0))),($A8-1994)/7),INDEX('WPP 2024 середина года'!$B:$U,MATCH($A8,'WPP 2024 середина года'!$A:$A,0),MATCH(D$1,'WPP 2024 середина года'!$B$1:$U$1,0))))) -> 20427 | E8: =IF($A8<=1951,INDEX('SALA 1974'!$B:$U,MATCH($A8,'SALA 1974'!$A:$A,0),MATCH(E$1,'SALA 1974'!$B$1:$U$1,0)),IF($A8<=1994,1000*INDEX('SALA 2002'!$B:$U,MATCH($A8,'SALA 2002'!$A:$A,0),MATCH(E$1,'SALA 2002'!$B$1:$U$1,0)),IF($A8<=2000,1000*INDEX('SALA 2002'!$B:$U,MATCH($A8,'SALA 2002'!$A:$A,0),MATCH(E$1,'SALA 2002'!$B$1:$U$1,0))*POWER(INDEX('WPP 2024 середина года'!$B:$U,MATCH($A8,'WPP 2024 середина года'!$A:$A,0),MATCH(E$1,'WPP 2024 середина года'!$B$1:$U$1,0))/(1000*INDEX('SALA 2002'!$B:$U,MATCH($A8,'SALA 2002'!$A:$A,0),MATCH(E$1,'SALA 2002'!$B$1:$U$1,0))),($A8-1994)/7),INDEX('WPP 2024 середина года'!$B:$U,MATCH($A8,'WPP 2024 середина года'!$A:$A,0),MATCH(E$1,'WPP 2024 середина года'!$B$1:$U$1,0))))) -> 3176 | F8: =IF($A8<=1947,INDEX('SALA 1974'!$B:$U,MATCH($A8,'SALA 1974'!$A:$A,0),MATCH(F$1,'SALA 1974'!$B$1:$U$1,0)),IF($A8<=1994,1000*INDEX('SALA 2002'!$B:$U,MATCH($A8,'SALA 2002'!$A:$A,0),MATCH(F$1,'SALA 2002'!$B$1:$U$1,0)),IF($A8<=2000,1000*INDEX('SALA 2002'!$B:$U,MATCH($A8,'SALA 2002'!$A:$A,0),MATCH(F$1,'SALA 2002'!$B$1:$U$1,0))*POWER(INDEX('WPP 2024 середина года'!$B:$U,MATCH($A8,'WPP 2024 середина года'!$A:$A,0),MATCH(F$1,'WPP 2024 середина года'!$B$1:$U$1,0))/(1000*INDEX('SALA 2002'!$B:$U,MATCH($A8,'SALA 2002'!$A:$A,0),MATCH(F$1,'SALA 2002'!$B$1:$U$1,0))),($A8-1994)/7),INDEX('WPP 2024 середина года'!$B:$U,MATCH($A8,'WPP 2024 середина года'!$A:$A,0),MATCH(F$1,'WPP 2024 середина года'!$B$1:$U$1,0))))) -> 4277 | G8: =IF($A8<=1951,INDEX('SALA 1974'!$B:$U,MATCH($A8,'SALA 1974'!$A:$A,0),MATCH(G$1,'SALA 1974'!$B$1:$U$1,0)),IF($A8<=1994,1000*INDEX('SALA 2002'!$B:$U,MATCH($A8,'SALA 2002'!$A:$A,0),MATCH(G$1,'SALA 2002'!$B$1:$U$1,0)),IF($A8<=2000,1000*INDEX('SALA 2002'!$B:$U,MATCH($A8,'SALA 2002'!$A:$A,0),MATCH(G$1,'SALA 2002'!$B$1:$U$1,0))*POWER(INDEX('WPP 2024 середина года'!$B:$U,MATCH($A8,'WPP 2024 середина года'!$A:$A,0),MATCH(G$1,'WPP 2024 середина года'!$B$1:$U$1,0))/(1000*INDEX('SALA 2002'!$B:$U,MATCH($A8,'SALA 2002'!$A:$A,0),MATCH(G$1,'SALA 2002'!$B$1:$U$1,0))),($A8-1994)/7),INDEX('WPP 2024 середина года'!$B:$U,MATCH($A8,'WPP 2024 середина года'!$A:$A,0),MATCH(G$1,'WPP 2024 середина года'!$B$1:$U$1,0))))) -> 341 | H8: =IF($A8<=1951,INDEX('SALA 1974'!$B:$U,MATCH($A8,'SALA 1974'!$A:$A,0),MATCH(H$1,'SALA 1974'!$B$1:$U$1,0)),IF($A8<=1994,1000*INDEX('SALA 2002'!$B:$U,MATCH($A8,'SALA 2002'!$A:$A,0),MATCH(H$1,'SALA 2002'!$B$1:$U$1,0)),IF($A8<=2000,1000*INDEX('SALA 2002'!$B:$U,MATCH($A8,'SALA 2002'!$A:$A,0),MATCH(H$1,'SALA 2002'!$B$1:$U$1,0))*POWER(INDEX('WPP 2024 середина года'!$B:$U,MATCH($A8,'WPP 2024 середина года'!$A:$A,0),MATCH(H$1,'WPP 2024 середина года'!$B$1:$U$1,0))/(1000*INDEX('SALA 2002'!$B:$U,MATCH($A8,'SALA 2002'!$A:$A,0),MATCH(H$1,'SALA 2002'!$B$1:$U$1,0))),($A8-1994)/7),INDEX('WPP 2024 середина года'!$B:$U,MATCH($A8,'WPP 2024 середина года'!$A:$A,0),MATCH(H$1,'WPP 2024 середина года'!$B$1:$U$1,0))))) -> 1979 | I8: =IF($A8<=1951,INDEX('SALA 1974'!$B:$U,MATCH($A8,'SALA 1974'!$A:$A,0),MATCH(I$1,'SALA 1974'!$B$1:$U$1,0)),IF($A8<=1994,1000*INDEX('SALA 2002'!$B:$U,MATCH($A8,'SALA 2002'!$A:$A,0),MATCH(I$1,'SALA 2002'!$B$1:$U$1,0)),IF($A8<=2000,1000*INDEX('SALA 2002'!$B:$U,MATCH($A8,'SALA 2002'!$A:$A,0),MATCH(I$1,'SALA 2002'!$B$1:$U$1,0))*POWER(INDEX('WPP 2024 середина года'!$B:$U,MATCH($A8,'WPP 2024 середина года'!$A:$A,0),MATCH(I$1,'WPP 2024 середина года'!$B$1:$U$1,0))/(1000*INDEX('SALA 2002'!$B:$U,MATCH($A8,'SALA 2002'!$A:$A,0),MATCH(I$1,'SALA 2002'!$B$1:$U$1,0))),($A8-1994)/7),INDEX('WPP 2024 середина года'!$B:$U,MATCH($A8,'WPP 2024 середина года'!$A:$A,0),MATCH(I$1,'WPP 2024 середина года'!$B$1:$U$1,0))))) -> 684 | J8: =IF($A8<=1951,INDEX('SALA 1974'!$B:$U,MATCH($A8,'SALA 1974'!$A:$A,0),MATCH(J$1,'SALA 1974'!$B$1:$U$1,0)),IF($A8<=1994,1000*INDEX('SALA 2002'!$B:$U,MATCH($A8,'SALA 2002'!$A:$A,0),MATCH(J$1,'SALA 2002'!$B$1:$U$1,0)),IF($A8<=2000,1000*INDEX('SALA 2002'!$B:$U,MATCH($A8,'SALA 2002'!$A:$A,0),MATCH(J$1,'SALA 2002'!$B$1:$U$1,0))*POWER(INDEX('WPP 2024 середина года'!$B:$U,MATCH($A8,'WPP 2024 середина года'!$A:$A,0),MATCH(J$1,'WPP 2024 середина года'!$B$1:$U$1,0))/(1000*INDEX('SALA 2002'!$B:$U,MATCH($A8,'SALA 2002'!$A:$A,0),MATCH(J$1,'SALA 2002'!$B$1:$U$1,0))),($A8-1994)/7),INDEX('WPP 2024 середина года'!$B:$U,MATCH($A8,'WPP 2024 середина года'!$A:$A,0),MATCH(J$1,'WPP 2024 середина года'!$B$1:$U$1,0))))) -> 1372 | K8: =IF($A8<=1951,INDEX('SALA 1974'!$B:$U,MATCH($A8,'SALA 1974'!$A:$A,0),MATCH(K$1,'SALA 1974'!$B$1:$U$1,0)),IF($A8<=1994,1000*INDEX('SALA 2002'!$B:$U,MATCH($A8,'SALA 2002'!$A:$A,0),MATCH(K$1,'SALA 2002'!$B$1:$U$1,0)),IF($A8<=2000,1000*INDEX('SALA 2002'!$B:$U,MATCH($A8,'SALA 2002'!$A:$A,0),MATCH(K$1,'SALA 2002'!$B$1:$U$1,0))*POWER(INDEX('WPP 2024 середина года'!$B:$U,MATCH($A8,'WPP 2024 середина года'!$A:$A,0),MATCH(K$1,'WPP 2024 середина года'!$B$1:$U$1,0))/(1000*INDEX('SALA 2002'!$B:$U,MATCH($A8,'SALA 2002'!$A:$A,0),MATCH(K$1,'SALA 2002'!$B$1:$U$1,0))),($A8-1994)/7),INDEX('WPP 2024 середина года'!$B:$U,MATCH($A8,'WPP 2024 середина года'!$A:$A,0),MATCH(K$1,'WPP 2024 середина года'!$B$1:$U$1,0))))) -> 911 | L8: =IF($A8<=1951,INDEX('SALA 1974'!$B:$U,MATCH($A8,'SALA 1974'!$A:$A,0),MATCH(L$1,'SALA 1974'!$B$1:$U$1,0)),IF($A8<=1994,1000*INDEX('SALA 2002'!$B:$U,MATCH($A8,'SALA 2002'!$A:$A,0),MATCH(L$1,'SALA 2002'!$B$1:$U$1,0)),IF($A8<=2000,1000*INDEX('SALA 2002'!$B:$U,MATCH($A8,'SALA 2002'!$A:$A,0),MATCH(L$1,'SALA 2002'!$B$1:$U$1,0))*POWER(INDEX('WPP 2024 середина года'!$B:$U,MATCH($A8,'WPP 2024 середина года'!$A:$A,0),MATCH(L$1,'WPP 2024 середина года'!$B$1:$U$1,0))/(1000*INDEX('SALA 2002'!$B:$U,MATCH($A8,'SALA 2002'!$A:$A,0),MATCH(L$1,'SALA 2002'!$B$1:$U$1,0))),($A8-1994)/7),INDEX('WPP 2024 середина года'!$B:$U,MATCH($A8,'WPP 2024 середина года'!$A:$A,0),MATCH(L$1,'WPP 2024 середина года'!$B$1:$U$1,0))))) -> 1029 | M8: =IF($A8<=1951,INDEX('SALA 1974'!$B:$U,MATCH($A8,'SALA 1974'!$A:$A,0),MATCH(M$1,'SALA 1974'!$B$1:$U$1,0)),IF($A8<=1994,1000*INDEX('SALA 2002'!$B:$U,MATCH($A8,'SALA 2002'!$A:$A,0),MATCH(M$1,'SALA 2002'!$B$1:$U$1,0)),IF($A8<=2000,1000*INDEX('SALA 2002'!$B:$U,MATCH($A8,'SALA 2002'!$A:$A,0),MATCH(M$1,'SALA 2002'!$B$1:$U$1,0))*POWER(INDEX('WPP 2024 середина года'!$B:$U,MATCH($A8,'WPP 2024 середина года'!$A:$A,0),MATCH(M$1,'WPP 2024 середина года'!$B$1:$U$1,0))/(1000*INDEX('SALA 2002'!$B:$U,MATCH($A8,'SALA 2002'!$A:$A,0),MATCH(M$1,'SALA 2002'!$B$1:$U$1,0))),($A8-1994)/7),INDEX('WPP 2024 середина года'!$B:$U,MATCH($A8,'WPP 2024 середина года'!$A:$A,0),MATCH(M$1,'WPP 2024 середина года'!$B$1:$U$1,0))))) -> 1512 | N8: =IF($A8<=1951,INDEX('SALA 1974'!$B:$U,MATCH($A8,'SALA 1974'!$A:$A,0),MATCH(N$1,'SALA 1974'!$B$1:$U$1,0)),IF($A8<=1994,1000*INDEX('SALA 2002'!$B:$U,MATCH($A8,'SALA 2002'!$A:$A,0),MATCH(N$1,'SALA 2002'!$B$1:$U$1,0)),IF($A8<=2000,1000*INDEX('SALA 2002'!$B:$U,MATCH($A8,'SALA 2002'!$A:$A,0),MATCH(N$1,'SALA 2002'!$B$1:$U$1,0))*POWER(INDEX('WPP 2024 середина года'!$B:$U,MATCH($A8,'WPP 2024 середина года'!$A:$A,0),MATCH(N$1,'WPP 2024 середина года'!$B$1:$U$1,0))/(1000*INDEX('SALA 2002'!$B:$U,MATCH($A8,'SALA 2002'!$A:$A,0),MATCH(N$1,'SALA 2002'!$B$1:$U$1,0))),($A8-1994)/7),INDEX('WPP 2024 середина года'!$B:$U,MATCH($A8,'WPP 2024 середина года'!$A:$A,0),MATCH(N$1,'WPP 2024 середина года'!$B$1:$U$1,0))))) -> 511 | ... U8: =IF($A8<=1951,INDEX('SALA 1974'!$B:$U,MATCH($A8,'SALA 1974'!$A:$A,0),MATCH(U$1,'SALA 1974'!$B$1:$U$1,0)),IF($A8<=1994,1000*INDEX('SALA 2002'!$B:$U,MATCH($A8,'SALA 2002'!$A:$A,0),MATCH(U$1,'SALA 2002'!$B$1:$U$1,0)),IF($A8<=2000,1000*INDEX('SALA 2002'!$B:$U,MATCH($A8,'SALA 2002'!$A:$A,0),MATCH(U$1,'SALA 2002'!$B$1:$U$1,0))*POWER(INDEX('WPP 2024 середина года'!$B:$U,MATCH($A8,'WPP 2024 середина года'!$A:$A,0),MATCH(U$1,'WPP 2024 середина года'!$B$1:$U$1,0))/(1000*INDEX('SALA 2002'!$B:$U,MATCH($A8,'SALA 2002'!$A:$A,0),MATCH(U$1,'SALA 2002'!$B$1:$U$1,0))),($A8-1994)/7),INDEX('WPP 2024 середина года'!$B:$U,MATCH($A8,'WPP 2024 середина года'!$A:$A,0),MATCH(U$1,'WPP 2024 середина года'!$B$1:$U$1,0))))) -> 2512
A9: =A8+1 -> 1907 | B9: =IF($A9<=1951,INDEX('SALA 1974'!$B:$U,MATCH($A9,'SALA 1974'!$A:$A,0),MATCH(B$1,'SALA 1974'!$B$1:$U$1,0)),IF($A9<=1994,1000*INDEX('SALA 2002'!$B:$U,MATCH($A9,'SALA 2002'!$A:$A,0),MATCH(B$1,'SALA 2002'!$B$1:$U$1,0)),IF($A9<=2000,1000*INDEX('SALA 2002'!$B:$U,MATCH($A9,'SALA 2002'!$A:$A,0),MATCH(B$1,'SALA 2002'!$B$1:$U$1,0))*POWER(INDEX('WPP 2024 середина года'!$B:$U,MATCH($A9,'WPP 2024 середина года'!$A:$A,0),MATCH(B$1,'WPP 2024 середина года'!$B$1:$U$1,0))/(1000*INDEX('SALA 2002'!$B:$U,MATCH($A9,'SALA 2002'!$A:$A,0),MATCH(B$1,'SALA 2002'!$B$1:$U$1,0))),($A9-1994)/7),INDEX('WPP 2024 середина года'!$B:$U,MATCH($A9,'WPP 2024 середина года'!$A:$A,0),MATCH(B$1,'WPP 2024 середина года'!$B$1:$U$1,0))))) -> 5822 | C9: =IF($A9<=1951,INDEX('SALA 1974'!$B:$U,MATCH($A9,'SALA 1974'!$A:$A,0),MATCH(C$1,'SALA 1974'!$B$1:$U$1,0)),IF($A9<=1994,1000*INDEX('SALA 2002'!$B:$U,MATCH($A9,'SALA 2002'!$A:$A,0),MATCH(C$1,'SALA 2002'!$B$1:$U$1,0)),IF($A9<=2000,1000*INDEX('SALA 2002'!$B:$U,MATCH($A9,'SALA 2002'!$A:$A,0),MATCH(C$1,'SALA 2002'!$B$1:$U$1,0))*POWER(INDEX('WPP 2024 середина года'!$B:$U,MATCH($A9,'WPP 2024 середина года'!$A:$A,0),MATCH(C$1,'WPP 2024 середина года'!$B$1:$U$1,0))/(1000*INDEX('SALA 2002'!$B:$U,MATCH($A9,'SALA 2002'!$A:$A,0),MATCH(C$1,'SALA 2002'!$B$1:$U$1,0))),($A9-1994)/7),INDEX('WPP 2024 середина года'!$B:$U,MATCH($A9,'WPP 2024 середина года'!$A:$A,0),MATCH(C$1,'WPP 2024 середина года'!$B$1:$U$1,0))))) -> 1896 | D9: =IF($A9<=1951,INDEX('SALA 1974'!$B:$U,MATCH($A9,'SALA 1974'!$A:$A,0),MATCH(D$1,'SALA 1974'!$B$1:$U$1,0)),IF($A9<=1994,1000*INDEX('SALA 2002'!$B:$U,MATCH($A9,'SALA 2002'!$A:$A,0),MATCH(D$1,'SALA 2002'!$B$1:$U$1,0)),IF($A9<=2000,1000*INDEX('SALA 2002'!$B:$U,MATCH($A9,'SALA 2002'!$A:$A,0),MATCH(D$1,'SALA 2002'!$B$1:$U$1,0))*POWER(INDEX('WPP 2024 середина года'!$B:$U,MATCH($A9,'WPP 2024 середина года'!$A:$A,0),MATCH(D$1,'WPP 2024 середина года'!$B$1:$U$1,0))/(1000*INDEX('SALA 2002'!$B:$U,MATCH($A9,'SALA 2002'!$A:$A,0),MATCH(D$1,'SALA 2002'!$B$1:$U$1,0))),($A9-1994)/7),INDEX('WPP 2024 середина года'!$B:$U,MATCH($A9,'WPP 2024 середина года'!$A:$A,0),MATCH(D$1,'WPP 2024 середина года'!$B$1:$U$1,0))))) -> 20860 | E9: =IF($A9<=1951,INDEX('SALA 1974'!$B:$U,MATCH($A9,'SALA 1974'!$A:$A,0),MATCH(E$1,'SALA 1974'!$B$1:$U$1,0)),IF($A9<=1994,1000*INDEX('SALA 2002'!$B:$U,MATCH($A9,'SALA 2002'!$A:$A,0),MATCH(E$1,'SALA 2002'!$B$1:$U$1,0)),IF($A9<=2000,1000*INDEX('SALA 2002'!$B:$U,MATCH($A9,'SALA 2002'!$A:$A,0),MATCH(E$1,'SALA 2002'!$B$1:$U$1,0))*POWER(INDEX('WPP 2024 середина года'!$B:$U,MATCH($A9,'WPP 2024 середина года'!$A:$A,0),MATCH(E$1,'WPP 2024 середина года'!$B$1:$U$1,0))/(1000*INDEX('SALA 2002'!$B:$U,MATCH($A9,'SALA 2002'!$A:$A,0),MATCH(E$1,'SALA 2002'!$B$1:$U$1,0))),($A9-1994)/7),INDEX('WPP 2024 середина года'!$B:$U,MATCH($A9,'WPP 2024 середина года'!$A:$A,0),MATCH(E$1,'WPP 2024 середина года'!$B$1:$U$1,0))))) -> 3213 | F9: =IF($A9<=1947,INDEX('SALA 1974'!$B:$U,MATCH($A9,'SALA 1974'!$A:$A,0),MATCH(F$1,'SALA 1974'!$B$1:$U$1,0)),IF($A9<=1994,1000*INDEX('SALA 2002'!$B:$U,MATCH($A9,'SALA 2002'!$A:$A,0),MATCH(F$1,'SALA 2002'!$B$1:$U$1,0)),IF($A9<=2000,1000*INDEX('SALA 2002'!$B:$U,MATCH($A9,'SALA 2002'!$A:$A,0),MATCH(F$1,'SALA 2002'!$B$1:$U$1,0))*POWER(INDEX('WPP 2024 середина года'!$B:$U,MATCH($A9,'WPP 2024 середина года'!$A:$A,0),MATCH(F$1,'WPP 2024 середина года'!$B$1:$U$1,0))/(1000*INDEX('SALA 2002'!$B:$U,MATCH($A9,'SALA 2002'!$A:$A,0),MATCH(F$1,'SALA 2002'!$B$1:$U$1,0))),($A9-1994)/7),INDEX('WPP 2024 середина года'!$B:$U,MATCH($A9,'WPP 2024 середина года'!$A:$A,0),MATCH(F$1,'WPP 2024 середина года'!$B$1:$U$1,0))))) -> 4409 | G9: =IF($A9<=1951,INDEX('SALA 1974'!$B:$U,MATCH($A9,'SALA 1974'!$A:$A,0),MATCH(G$1,'SALA 1974'!$B$1:$U$1,0)),IF($A9<=1994,1000*INDEX('SALA 2002'!$B:$U,MATCH($A9,'SALA 2002'!$A:$A,0),MATCH(G$1,'SALA 2002'!$B$1:$U$1,0)),IF($A9<=2000,1000*INDEX('SALA 2002'!$B:$U,MATCH($A9,'SALA 2002'!$A:$A,0),MATCH(G$1,'SALA 2002'!$B$1:$U$1,0))*POWER(INDEX('WPP 2024 середина года'!$B:$U,MATCH($A9,'WPP 2024 середина года'!$A:$A,0),MATCH(G$1,'WPP 2024 середина года'!$B$1:$U$1,0))/(1000*INDEX('SALA 2002'!$B:$U,MATCH($A9,'SALA 2002'!$A:$A,0),MATCH(G$1,'SALA 2002'!$B$1:$U$1,0))),($A9-1994)/7),INDEX('WPP 2024 середина года'!$B:$U,MATCH($A9,'WPP 2024 середина года'!$A:$A,0),MATCH(G$1,'WPP 2024 середина года'!$B$1:$U$1,0))))) -> 347 | H9: =IF($A9<=1951,INDEX('SALA 1974'!$B:$U,MATCH($A9,'SALA 1974'!$A:$A,0),MATCH(H$1,'SALA 1974'!$B$1:$U$1,0)),IF($A9<=1994,1000*INDEX('SALA 2002'!$B:$U,MATCH($A9,'SALA 2002'!$A:$A,0),MATCH(H$1,'SALA 2002'!$B$1:$U$1,0)),IF($A9<=2000,1000*INDEX('SALA 2002'!$B:$U,MATCH($A9,'SALA 2002'!$A:$A,0),MATCH(H$1,'SALA 2002'!$B$1:$U$1,0))*POWER(INDEX('WPP 2024 середина года'!$B:$U,MATCH($A9,'WPP 2024 середина года'!$A:$A,0),MATCH(H$1,'WPP 2024 середина года'!$B$1:$U$1,0))/(1000*INDEX('SALA 2002'!$B:$U,MATCH($A9,'SALA 2002'!$A:$A,0),MATCH(H$1,'SALA 2002'!$B$1:$U$1,0))),($A9-1994)/7),INDEX('WPP 2024 середина года'!$B:$U,MATCH($A9,'WPP 2024 середина года'!$A:$A,0),MATCH(H$1,'WPP 2024 середина года'!$B$1:$U$1,0))))) -> 2034 | I9: =IF($A9<=1951,INDEX('SALA 1974'!$B:$U,MATCH($A9,'SALA 1974'!$A:$A,0),MATCH(I$1,'SALA 1974'!$B$1:$U$1,0)),IF($A9<=1994,1000*INDEX('SALA 2002'!$B:$U,MATCH($A9,'SALA 2002'!$A:$A,0),MATCH(I$1,'SALA 2002'!$B$1:$U$1,0)),IF($A9<=2000,1000*INDEX('SALA 2002'!$B:$U,MATCH($A9,'SALA 2002'!$A:$A,0),MATCH(I$1,'SALA 2002'!$B$1:$U$1,0))*POWER(INDEX('WPP 2024 середина года'!$B:$U,MATCH($A9,'WPP 2024 середина года'!$A:$A,0),MATCH(I$1,'WPP 2024 середина года'!$B$1:$U$1,0))/(1000*INDEX('SALA 2002'!$B:$U,MATCH($A9,'SALA 2002'!$A:$A,0),MATCH(I$1,'SALA 2002'!$B$1:$U$1,0))),($A9-1994)/7),INDEX('WPP 2024 середина года'!$B:$U,MATCH($A9,'WPP 2024 середина года'!$A:$A,0),MATCH(I$1,'WPP 2024 середина года'!$B$1:$U$1,0))))) -> 698 | J9: =IF($A9<=1951,INDEX('SALA 1974'!$B:$U,MATCH($A9,'SALA 1974'!$A:$A,0),MATCH(J$1,'SALA 1974'!$B$1:$U$1,0)),IF($A9<=1994,1000*INDEX('SALA 2002'!$B:$U,MATCH($A9,'SALA 2002'!$A:$A,0),MATCH(J$1,'SALA 2002'!$B$1:$U$1,0)),IF($A9<=2000,1000*INDEX('SALA 2002'!$B:$U,MATCH($A9,'SALA 2002'!$A:$A,0),MATCH(J$1,'SALA 2002'!$B$1:$U$1,0))*POWER(INDEX('WPP 2024 середина года'!$B:$U,MATCH($A9,'WPP 2024 середина года'!$A:$A,0),MATCH(J$1,'WPP 2024 середина года'!$B$1:$U$1,0))/(1000*INDEX('SALA 2002'!$B:$U,MATCH($A9,'SALA 2002'!$A:$A,0),MATCH(J$1,'SALA 2002'!$B$1:$U$1,0))),($A9-1994)/7),INDEX('WPP 2024 середина года'!$B:$U,MATCH($A9,'WPP 2024 середина года'!$A:$A,0),MATCH(J$1,'WPP 2024 середина года'!$B$1:$U$1,0))))) -> 1384 | K9: =IF($A9<=1951,INDEX('SALA 1974'!$B:$U,MATCH($A9,'SALA 1974'!$A:$A,0),MATCH(K$1,'SALA 1974'!$B$1:$U$1,0)),IF($A9<=1994,1000*INDEX('SALA 2002'!$B:$U,MATCH($A9,'SALA 2002'!$A:$A,0),MATCH(K$1,'SALA 2002'!$B$1:$U$1,0)),IF($A9<=2000,1000*INDEX('SALA 2002'!$B:$U,MATCH($A9,'SALA 2002'!$A:$A,0),MATCH(K$1,'SALA 2002'!$B$1:$U$1,0))*POWER(INDEX('WPP 2024 середина года'!$B:$U,MATCH($A9,'WPP 2024 середина года'!$A:$A,0),MATCH(K$1,'WPP 2024 середина года'!$B$1:$U$1,0))/(1000*INDEX('SALA 2002'!$B:$U,MATCH($A9,'SALA 2002'!$A:$A,0),MATCH(K$1,'SALA 2002'!$B$1:$U$1,0))),($A9-1994)/7),INDEX('WPP 2024 середина года'!$B:$U,MATCH($A9,'WPP 2024 середина года'!$A:$A,0),MATCH(K$1,'WPP 2024 середина года'!$B$1:$U$1,0))))) -> 929 | L9: =IF($A9<=1951,INDEX('SALA 1974'!$B:$U,MATCH($A9,'SALA 1974'!$A:$A,0),MATCH(L$1,'SALA 1974'!$B$1:$U$1,0)),IF($A9<=1994,1000*INDEX('SALA 2002'!$B:$U,MATCH($A9,'SALA 2002'!$A:$A,0),MATCH(L$1,'SALA 2002'!$B$1:$U$1,0)),IF($A9<=2000,1000*INDEX('SALA 2002'!$B:$U,MATCH($A9,'SALA 2002'!$A:$A,0),MATCH(L$1,'SALA 2002'!$B$1:$U$1,0))*POWER(INDEX('WPP 2024 середина года'!$B:$U,MATCH($A9,'WPP 2024 середина года'!$A:$A,0),MATCH(L$1,'WPP 2024 середина года'!$B$1:$U$1,0))/(1000*INDEX('SALA 2002'!$B:$U,MATCH($A9,'SALA 2002'!$A:$A,0),MATCH(L$1,'SALA 2002'!$B$1:$U$1,0))),($A9-1994)/7),INDEX('WPP 2024 середина года'!$B:$U,MATCH($A9,'WPP 2024 середина года'!$A:$A,0),MATCH(L$1,'WPP 2024 середина года'!$B$1:$U$1,0))))) -> 1046 | M9: =IF($A9<=1951,INDEX('SALA 1974'!$B:$U,MATCH($A9,'SALA 1974'!$A:$A,0),MATCH(M$1,'SALA 1974'!$B$1:$U$1,0)),IF($A9<=1994,1000*INDEX('SALA 2002'!$B:$U,MATCH($A9,'SALA 2002'!$A:$A,0),MATCH(M$1,'SALA 2002'!$B$1:$U$1,0)),IF($A9<=2000,1000*INDEX('SALA 2002'!$B:$U,MATCH($A9,'SALA 2002'!$A:$A,0),MATCH(M$1,'SALA 2002'!$B$1:$U$1,0))*POWER(INDEX('WPP 2024 середина года'!$B:$U,MATCH($A9,'WPP 2024 середина года'!$A:$A,0),MATCH(M$1,'WPP 2024 середина года'!$B$1:$U$1,0))/(1000*INDEX('SALA 2002'!$B:$U,MATCH($A9,'SALA 2002'!$A:$A,0),MATCH(M$1,'SALA 2002'!$B$1:$U$1,0))),($A9-1994)/7),INDEX('WPP 2024 середина года'!$B:$U,MATCH($A9,'WPP 2024 середина года'!$A:$A,0),MATCH(M$1,'WPP 2024 середина года'!$B$1:$U$1,0))))) -> 1555 | N9: =IF($A9<=1951,INDEX('SALA 1974'!$B:$U,MATCH($A9,'SALA 1974'!$A:$A,0),MATCH(N$1,'SALA 1974'!$B$1:$U$1,0)),IF($A9<=1994,1000*INDEX('SALA 2002'!$B:$U,MATCH($A9,'SALA 2002'!$A:$A,0),MATCH(N$1,'SALA 2002'!$B$1:$U$1,0)),IF($A9<=2000,1000*INDEX('SALA 2002'!$B:$U,MATCH($A9,'SALA 2002'!$A:$A,0),MATCH(N$1,'SALA 2002'!$B$1:$U$1,0))*POWER(INDEX('WPP 2024 середина года'!$B:$U,MATCH($A9,'WPP 2024 середина года'!$A:$A,0),MATCH(N$1,'WPP 2024 середина года'!$B$1:$U$1,0))/(1000*INDEX('SALA 2002'!$B:$U,MATCH($A9,'SALA 2002'!$A:$A,0),MATCH(N$1,'SALA 2002'!$B$1:$U$1,0))),($A9-1994)/7),INDEX('WPP 2024 середина года'!$B:$U,MATCH($A9,'WPP 2024 середина года'!$A:$A,0),MATCH(N$1,'WPP 2024 середина года'!$B$1:$U$1,0))))) -> 521 | ... U9: =IF($A9<=1951,INDEX('SALA 1974'!$B:$U,MATCH($A9,'SALA 1974'!$A:$A,0),MATCH(U$1,'SALA 1974'!$B$1:$U$1,0)),IF($A9<=1994,1000*INDEX('SALA 2002'!$B:$U,MATCH($A9,'SALA 2002'!$A:$A,0),MATCH(U$1,'SALA 2002'!$B$1:$U$1,0)),IF($A9<=2000,1000*INDEX('SALA 2002'!$B:$U,MATCH($A9,'SALA 2002'!$A:$A,0),MATCH(U$1,'SALA 2002'!$B$1:$U$1,0))*POWER(INDEX('WPP 2024 середина года'!$B:$U,MATCH($A9,'WPP 2024 середина года'!$A:$A,0),MATCH(U$1,'WPP 2024 середина года'!$B$1:$U$1,0))/(1000*INDEX('SALA 2002'!$B:$U,MATCH($A9,'SALA 2002'!$A:$A,0),MATCH(U$1,'SALA 2002'!$B$1:$U$1,0))),($A9-1994)/7),INDEX('WPP 2024 середина года'!$B:$U,MATCH($A9,'WPP 2024 середина года'!$A:$A,0),MATCH(U$1,'WPP 2024 середина года'!$B$1:$U$1,0))))) -> 2532
A10: =A9+1 -> 1908 | B10: =IF($A10<=1951,INDEX('SALA 1974'!$B:$U,MATCH($A10,'SALA 1974'!$A:$A,0),MATCH(B$1,'SALA 1974'!$B$1:$U$1,0)),IF($A10<=1994,1000*INDEX('SALA 2002'!$B:$U,MATCH($A10,'SALA 2002'!$A:$A,0),MATCH(B$1,'SALA 2002'!$B$1:$U$1,0)),IF($A10<=2000,1000*INDEX('SALA 2002'!$B:$U,MATCH($A10,'SALA 2002'!$A:$A,0),MATCH(B$1,'SALA 2002'!$B$1:$U$1,0))*POWER(INDEX('WPP 2024 середина года'!$B:$U,MATCH($A10,'WPP 2024 середина года'!$A:$A,0),MATCH(B$1,'WPP 2024 середина года'!$B$1:$U$1,0))/(1000*INDEX('SALA 2002'!$B:$U,MATCH($A10,'SALA 2002'!$A:$A,0),MATCH(B$1,'SALA 2002'!$B$1:$U$1,0))),($A10-1994)/7),INDEX('WPP 2024 середина года'!$B:$U,MATCH($A10,'WPP 2024 середина года'!$A:$A,0),MATCH(B$1,'WPP 2024 середина года'!$B$1:$U$1,0))))) -> 6145 | C10: =IF($A10<=1951,INDEX('SALA 1974'!$B:$U,MATCH($A10,'SALA 1974'!$A:$A,0),MATCH(C$1,'SALA 1974'!$B$1:$U$1,0)),IF($A10<=1994,1000*INDEX('SALA 2002'!$B:$U,MATCH($A10,'SALA 2002'!$A:$A,0),MATCH(C$1,'SALA 2002'!$B$1:$U$1,0)),IF($A10<=2000,1000*INDEX('SALA 2002'!$B:$U,MATCH($A10,'SALA 2002'!$A:$A,0),MATCH(C$1,'SALA 2002'!$B$1:$U$1,0))*POWER(INDEX('WPP 2024 середина года'!$B:$U,MATCH($A10,'WPP 2024 середина года'!$A:$A,0),MATCH(C$1,'WPP 2024 середина года'!$B$1:$U$1,0))/(1000*INDEX('SALA 2002'!$B:$U,MATCH($A10,'SALA 2002'!$A:$A,0),MATCH(C$1,'SALA 2002'!$B$1:$U$1,0))),($A10-1994)/7),INDEX('WPP 2024 середина года'!$B:$U,MATCH($A10,'WPP 2024 середина года'!$A:$A,0),MATCH(C$1,'WPP 2024 середина года'!$B$1:$U$1,0))))) -> 1914 | D10: =IF($A10<=1951,INDEX('SALA 1974'!$B:$U,MATCH($A10,'SALA 1974'!$A:$A,0),MATCH(D$1,'SALA 1974'!$B$1:$U$1,0)),IF($A10<=1994,1000*INDEX('SALA 2002'!$B:$U,MATCH($A10,'SALA 2002'!$A:$A,0),MATCH(D$1,'SALA 2002'!$B$1:$U$1,0)),IF($A10<=2000,1000*INDEX('SALA 2002'!$B:$U,MATCH($A10,'SALA 2002'!$A:$A,0),MATCH(D$1,'SALA 2002'!$B$1:$U$1,0))*POWER(INDEX('WPP 2024 середина года'!$B:$U,MATCH($A10,'WPP 2024 середина года'!$A:$A,0),MATCH(D$1,'WPP 2024 середина года'!$B$1:$U$1,0))/(1000*INDEX('SALA 2002'!$B:$U,MATCH($A10,'SALA 2002'!$A:$A,0),MATCH(D$1,'SALA 2002'!$B$1:$U$1,0))),($A10-1994)/7),INDEX('WPP 2024 середина года'!$B:$U,MATCH($A10,'WPP 2024 середина года'!$A:$A,0),MATCH(D$1,'WPP 2024 середина года'!$B$1:$U$1,0))))) -> 21303 | E10: =IF($A10<=1951,INDEX('SALA 1974'!$B:$U,MATCH($A10,'SALA 1974'!$A:$A,0),MATCH(E$1,'SALA 1974'!$B$1:$U$1,0)),IF($A10<=1994,1000*INDEX('SALA 2002'!$B:$U,MATCH($A10,'SALA 2002'!$A:$A,0),MATCH(E$1,'SALA 2002'!$B$1:$U$1,0)),IF($A10<=2000,1000*INDEX('SALA 2002'!$B:$U,MATCH($A10,'SALA 2002'!$A:$A,0),MATCH(E$1,'SALA 2002'!$B$1:$U$1,0))*POWER(INDEX('WPP 2024 середина года'!$B:$U,MATCH($A10,'WPP 2024 середина года'!$A:$A,0),MATCH(E$1,'WPP 2024 середина года'!$B$1:$U$1,0))/(1000*INDEX('SALA 2002'!$B:$U,MATCH($A10,'SALA 2002'!$A:$A,0),MATCH(E$1,'SALA 2002'!$B$1:$U$1,0))),($A10-1994)/7),INDEX('WPP 2024 середина года'!$B:$U,MATCH($A10,'WPP 2024 середина года'!$A:$A,0),MATCH(E$1,'WPP 2024 середина года'!$B$1:$U$1,0))))) -> 3253 | F10: =IF($A10<=1947,INDEX('SALA 1974'!$B:$U,MATCH($A10,'SALA 1974'!$A:$A,0),MATCH(F$1,'SALA 1974'!$B$1:$U$1,0)),IF($A10<=1994,1000*INDEX('SALA 2002'!$B:$U,MATCH($A10,'SALA 2002'!$A:$A,0),MATCH(F$1,'SALA 2002'!$B$1:$U$1,0)),IF($A10<=2000,1000*INDEX('SALA 2002'!$B:$U,MATCH($A10,'SALA 2002'!$A:$A,0),MATCH(F$1,'SALA 2002'!$B$1:$U$1,0))*POWER(INDEX('WPP 2024 середина года'!$B:$U,MATCH($A10,'WPP 2024 середина года'!$A:$A,0),MATCH(F$1,'WPP 2024 середина года'!$B$1:$U$1,0))/(1000*INDEX('SALA 2002'!$B:$U,MATCH($A10,'SALA 2002'!$A:$A,0),MATCH(F$1,'SALA 2002'!$B$1:$U$1,0))),($A10-1994)/7),INDEX('WPP 2024 середина года'!$B:$U,MATCH($A10,'WPP 2024 середина года'!$A:$A,0),MATCH(F$1,'WPP 2024 середина года'!$B$1:$U$1,0))))) -> 4542 | G10: =IF($A10<=1951,INDEX('SALA 1974'!$B:$U,MATCH($A10,'SALA 1974'!$A:$A,0),MATCH(G$1,'SALA 1974'!$B$1:$U$1,0)),IF($A10<=1994,1000*INDEX('SALA 2002'!$B:$U,MATCH($A10,'SALA 2002'!$A:$A,0),MATCH(G$1,'SALA 2002'!$B$1:$U$1,0)),IF($A10<=2000,1000*INDEX('SALA 2002'!$B:$U,MATCH($A10,'SALA 2002'!$A:$A,0),MATCH(G$1,'SALA 2002'!$B$1:$U$1,0))*POWER(INDEX('WPP 2024 середина года'!$B:$U,MATCH($A10,'WPP 2024 середина года'!$A:$A,0),MATCH(G$1,'WPP 2024 середина года'!$B$1:$U$1,0))/(1000*INDEX('SALA 2002'!$B:$U,MATCH($A10,'SALA 2002'!$A:$A,0),MATCH(G$1,'SALA 2002'!$B$1:$U$1,0))),($A10-1994)/7),INDEX('WPP 2024 середина года'!$B:$U,MATCH($A10,'WPP 2024 середина года'!$A:$A,0),MATCH(G$1,'WPP 2024 середина года'!$B$1:$U$1,0))))) -> 353 | H10: =IF($A10<=1951,INDEX('SALA 1974'!$B:$U,MATCH($A10,'SALA 1974'!$A:$A,0),MATCH(H$1,'SALA 1974'!$B$1:$U$1,0)),IF($A10<=1994,1000*INDEX('SALA 2002'!$B:$U,MATCH($A10,'SALA 2002'!$A:$A,0),MATCH(H$1,'SALA 2002'!$B$1:$U$1,0)),IF($A10<=2000,1000*INDEX('SALA 2002'!$B:$U,MATCH($A10,'SALA 2002'!$A:$A,0),MATCH(H$1,'SALA 2002'!$B$1:$U$1,0))*POWER(INDEX('WPP 2024 середина года'!$B:$U,MATCH($A10,'WPP 2024 середина года'!$A:$A,0),MATCH(H$1,'WPP 2024 середина года'!$B$1:$U$1,0))/(1000*INDEX('SALA 2002'!$B:$U,MATCH($A10,'SALA 2002'!$A:$A,0),MATCH(H$1,'SALA 2002'!$B$1:$U$1,0))),($A10-1994)/7),INDEX('WPP 2024 середина года'!$B:$U,MATCH($A10,'WPP 2024 середина года'!$A:$A,0),MATCH(H$1,'WPP 2024 середина года'!$B$1:$U$1,0))))) -> 2092 | I10: =IF($A10<=1951,INDEX('SALA 1974'!$B:$U,MATCH($A10,'SALA 1974'!$A:$A,0),MATCH(I$1,'SALA 1974'!$B$1:$U$1,0)),IF($A10<=1994,1000*INDEX('SALA 2002'!$B:$U,MATCH($A10,'SALA 2002'!$A:$A,0),MATCH(I$1,'SALA 2002'!$B$1:$U$1,0)),IF($A10<=2000,1000*INDEX('SALA 2002'!$B:$U,MATCH($A10,'SALA 2002'!$A:$A,0),MATCH(I$1,'SALA 2002'!$B$1:$U$1,0))*POWER(INDEX('WPP 2024 середина года'!$B:$U,MATCH($A10,'WPP 2024 середина года'!$A:$A,0),MATCH(I$1,'WPP 2024 середина года'!$B$1:$U$1,0))/(1000*INDEX('SALA 2002'!$B:$U,MATCH($A10,'SALA 2002'!$A:$A,0),MATCH(I$1,'SALA 2002'!$B$1:$U$1,0))),($A10-1994)/7),INDEX('WPP 2024 середина года'!$B:$U,MATCH($A10,'WPP 2024 середина года'!$A:$A,0),MATCH(I$1,'WPP 2024 середина года'!$B$1:$U$1,0))))) -> 712 | J10: =IF($A10<=1951,INDEX('SALA 1974'!$B:$U,MATCH($A10,'SALA 1974'!$A:$A,0),MATCH(J$1,'SALA 1974'!$B$1:$U$1,0)),IF($A10<=1994,1000*INDEX('SALA 2002'!$B:$U,MATCH($A10,'SALA 2002'!$A:$A,0),MATCH(J$1,'SALA 2002'!$B$1:$U$1,0)),IF($A10<=2000,1000*INDEX('SALA 2002'!$B:$U,MATCH($A10,'SALA 2002'!$A:$A,0),MATCH(J$1,'SALA 2002'!$B$1:$U$1,0))*POWER(INDEX('WPP 2024 середина года'!$B:$U,MATCH($A10,'WPP 2024 середина года'!$A:$A,0),MATCH(J$1,'WPP 2024 середина года'!$B$1:$U$1,0))/(1000*INDEX('SALA 2002'!$B:$U,MATCH($A10,'SALA 2002'!$A:$A,0),MATCH(J$1,'SALA 2002'!$B$1:$U$1,0))),($A10-1994)/7),INDEX('WPP 2024 середина года'!$B:$U,MATCH($A10,'WPP 2024 середина года'!$A:$A,0),MATCH(J$1,'WPP 2024 середина года'!$B$1:$U$1,0))))) -> 1396 | K10: =IF($A10<=1951,INDEX('SALA 1974'!$B:$U,MATCH($A10,'SALA 1974'!$A:$A,0),MATCH(K$1,'SALA 1974'!$B$1:$U$1,0)),IF($A10<=1994,1000*INDEX('SALA 2002'!$B:$U,MATCH($A10,'SALA 2002'!$A:$A,0),MATCH(K$1,'SALA 2002'!$B$1:$U$1,0)),IF($A10<=2000,1000*INDEX('SALA 2002'!$B:$U,MATCH($A10,'SALA 2002'!$A:$A,0),MATCH(K$1,'SALA 2002'!$B$1:$U$1,0))*POWER(INDEX('WPP 2024 середина года'!$B:$U,MATCH($A10,'WPP 2024 середина года'!$A:$A,0),MATCH(K$1,'WPP 2024 середина года'!$B$1:$U$1,0))/(1000*INDEX('SALA 2002'!$B:$U,MATCH($A10,'SALA 2002'!$A:$A,0),MATCH(K$1,'SALA 2002'!$B$1:$U$1,0))),($A10-1994)/7),INDEX('WPP 2024 середина года'!$B:$U,MATCH($A10,'WPP 2024 середина года'!$A:$A,0),MATCH(K$1,'WPP 2024 середина года'!$B$1:$U$1,0))))) -> 948 | L10: =IF($A10<=1951,INDEX('SALA 1974'!$B:$U,MATCH($A10,'SALA 1974'!$A:$A,0),MATCH(L$1,'SALA 1974'!$B$1:$U$1,0)),IF($A10<=1994,1000*INDEX('SALA 2002'!$B:$U,MATCH($A10,'SALA 2002'!$A:$A,0),MATCH(L$1,'SALA 2002'!$B$1:$U$1,0)),IF($A10<=2000,1000*INDEX('SALA 2002'!$B:$U,MATCH($A10,'SALA 2002'!$A:$A,0),MATCH(L$1,'SALA 2002'!$B$1:$U$1,0))*POWER(INDEX('WPP 2024 середина года'!$B:$U,MATCH($A10,'WPP 2024 середина года'!$A:$A,0),MATCH(L$1,'WPP 2024 середина года'!$B$1:$U$1,0))/(1000*INDEX('SALA 2002'!$B:$U,MATCH($A10,'SALA 2002'!$A:$A,0),MATCH(L$1,'SALA 2002'!$B$1:$U$1,0))),($A10-1994)/7),INDEX('WPP 2024 середина года'!$B:$U,MATCH($A10,'WPP 2024 середина года'!$A:$A,0),MATCH(L$1,'WPP 2024 середина года'!$B$1:$U$1,0))))) -> 1062 | M10: =IF($A10<=1951,INDEX('SALA 1974'!$B:$U,MATCH($A10,'SALA 1974'!$A:$A,0),MATCH(M$1,'SALA 1974'!$B$1:$U$1,0)),IF($A10<=1994,1000*INDEX('SALA 2002'!$B:$U,MATCH($A10,'SALA 2002'!$A:$A,0),MATCH(M$1,'SALA 2002'!$B$1:$U$1,0)),IF($A10<=2000,1000*INDEX('SALA 2002'!$B:$U,MATCH($A10,'SALA 2002'!$A:$A,0),MATCH(M$1,'SALA 2002'!$B$1:$U$1,0))*POWER(INDEX('WPP 2024 середина года'!$B:$U,MATCH($A10,'WPP 2024 середина года'!$A:$A,0),MATCH(M$1,'WPP 2024 середина года'!$B$1:$U$1,0))/(1000*INDEX('SALA 2002'!$B:$U,MATCH($A10,'SALA 2002'!$A:$A,0),MATCH(M$1,'SALA 2002'!$B$1:$U$1,0))),($A10-1994)/7),INDEX('WPP 2024 середина года'!$B:$U,MATCH($A10,'WPP 2024 середина года'!$A:$A,0),MATCH(M$1,'WPP 2024 середина года'!$B$1:$U$1,0))))) -> 1559 | N10: =IF($A10<=1951,INDEX('SALA 1974'!$B:$U,MATCH($A10,'SALA 1974'!$A:$A,0),MATCH(N$1,'SALA 1974'!$B$1:$U$1,0)),IF($A10<=1994,1000*INDEX('SALA 2002'!$B:$U,MATCH($A10,'SALA 2002'!$A:$A,0),MATCH(N$1,'SALA 2002'!$B$1:$U$1,0)),IF($A10<=2000,1000*INDEX('SALA 2002'!$B:$U,MATCH($A10,'SALA 2002'!$A:$A,0),MATCH(N$1,'SALA 2002'!$B$1:$U$1,0))*POWER(INDEX('WPP 2024 середина года'!$B:$U,MATCH($A10,'WPP 2024 середина года'!$A:$A,0),MATCH(N$1,'WPP 2024 середина года'!$B$1:$U$1,0))/(1000*INDEX('SALA 2002'!$B:$U,MATCH($A10,'SALA 2002'!$A:$A,0),MATCH(N$1,'SALA 2002'!$B$1:$U$1,0))),($A10-1994)/7),INDEX('WPP 2024 середина года'!$B:$U,MATCH($A10,'WPP 2024 середина года'!$A:$A,0),MATCH(N$1,'WPP 2024 середина года'!$B$1:$U$1,0))))) -> 532 | ... U10: =IF($A10<=1951,INDEX('SALA 1974'!$B:$U,MATCH($A10,'SALA 1974'!$A:$A,0),MATCH(U$1,'SALA 1974'!$B$1:$U$1,0)),IF($A10<=1994,1000*INDEX('SALA 2002'!$B:$U,MATCH($A10,'SALA 2002'!$A:$A,0),MATCH(U$1,'SALA 2002'!$B$1:$U$1,0)),IF($A10<=2000,1000*INDEX('SALA 2002'!$B:$U,MATCH($A10,'SALA 2002'!$A:$A,0),MATCH(U$1,'SALA 2002'!$B$1:$U$1,0))*POWER(INDEX('WPP 2024 середина года'!$B:$U,MATCH($A10,'WPP 2024 середина года'!$A:$A,0),MATCH(U$1,'WPP 2024 середина года'!$B$1:$U$1,0))/(1000*INDEX('SALA 2002'!$B:$U,MATCH($A10,'SALA 2002'!$A:$A,0),MATCH(U$1,'SALA 2002'!$B$1:$U$1,0))),($A10-1994)/7),INDEX('WPP 2024 середина года'!$B:$U,MATCH($A10,'WPP 2024 середина года'!$A:$A,0),MATCH(U$1,'WPP 2024 середина года'!$B$1:$U$1,0))))) -> 2554
A11: =A10+1 -> 1909 | B11: =IF($A11<=1951,INDEX('SALA 1974'!$B:$U,MATCH($A11,'SALA 1974'!$A:$A,0),MATCH(B$1,'SALA 1974'!$B$1:$U$1,0)),IF($A11<=1994,1000*INDEX('SALA 2002'!$B:$U,MATCH($A11,'SALA 2002'!$A:$A,0),MATCH(B$1,'SALA 2002'!$B$1:$U$1,0)),IF($A11<=2000,1000*INDEX('SALA 2002'!$B:$U,MATCH($A11,'SALA 2002'!$A:$A,0),MATCH(B$1,'SALA 2002'!$B$1:$U$1,0))*POWER(INDEX('WPP 2024 середина года'!$B:$U,MATCH($A11,'WPP 2024 середина года'!$A:$A,0),MATCH(B$1,'WPP 2024 середина года'!$B$1:$U$1,0))/(1000*INDEX('SALA 2002'!$B:$U,MATCH($A11,'SALA 2002'!$A:$A,0),MATCH(B$1,'SALA 2002'!$B$1:$U$1,0))),($A11-1994)/7),INDEX('WPP 2024 середина года'!$B:$U,MATCH($A11,'WPP 2024 середина года'!$A:$A,0),MATCH(B$1,'WPP 2024 середина года'!$B$1:$U$1,0))))) -> 6432 | C11: =IF($A11<=1951,INDEX('SALA 1974'!$B:$U,MATCH($A11,'SALA 1974'!$A:$A,0),MATCH(C$1,'SALA 1974'!$B$1:$U$1,0)),IF($A11<=1994,1000*INDEX('SALA 2002'!$B:$U,MATCH($A11,'SALA 2002'!$A:$A,0),MATCH(C$1,'SALA 2002'!$B$1:$U$1,0)),IF($A11<=2000,1000*INDEX('SALA 2002'!$B:$U,MATCH($A11,'SALA 2002'!$A:$A,0),MATCH(C$1,'SALA 2002'!$B$1:$U$1,0))*POWER(INDEX('WPP 2024 середина года'!$B:$U,MATCH($A11,'WPP 2024 середина года'!$A:$A,0),MATCH(C$1,'WPP 2024 середина года'!$B$1:$U$1,0))/(1000*INDEX('SALA 2002'!$B:$U,MATCH($A11,'SALA 2002'!$A:$A,0),MATCH(C$1,'SALA 2002'!$B$1:$U$1,0))),($A11-1994)/7),INDEX('WPP 2024 середина года'!$B:$U,MATCH($A11,'WPP 2024 середина года'!$A:$A,0),MATCH(C$1,'WPP 2024 середина года'!$B$1:$U$1,0))))) -> 1933 | D11: =IF($A11<=1951,INDEX('SALA 1974'!$B:$U,MATCH($A11,'SALA 1974'!$A:$A,0),MATCH(D$1,'SALA 1974'!$B$1:$U$1,0)),IF($A11<=1994,1000*INDEX('SALA 2002'!$B:$U,MATCH($A11,'SALA 2002'!$A:$A,0),MATCH(D$1,'SALA 2002'!$B$1:$U$1,0)),IF($A11<=2000,1000*INDEX('SALA 2002'!$B:$U,MATCH($A11,'SALA 2002'!$A:$A,0),MATCH(D$1,'SALA 2002'!$B$1:$U$1,0))*POWER(INDEX('WPP 2024 середина года'!$B:$U,MATCH($A11,'WPP 2024 середина года'!$A:$A,0),MATCH(D$1,'WPP 2024 середина года'!$B$1:$U$1,0))/(1000*INDEX('SALA 2002'!$B:$U,MATCH($A11,'SALA 2002'!$A:$A,0),MATCH(D$1,'SALA 2002'!$B$1:$U$1,0))),($A11-1994)/7),INDEX('WPP 2024 середина года'!$B:$U,MATCH($A11,'WPP 2024 середина года'!$A:$A,0),MATCH(D$1,'WPP 2024 середина года'!$B$1:$U$1,0))))) -> 21754 | E11: =IF($A11<=1951,INDEX('SALA 1974'!$B:$U,MATCH($A11,'SALA 1974'!$A:$A,0),MATCH(E$1,'SALA 1974'!$B$1:$U$1,0)),IF($A11<=1994,1000*INDEX('SALA 2002'!$B:$U,MATCH($A11,'SALA 2002'!$A:$A,0),MATCH(E$1,'SALA 2002'!$B$1:$U$1,0)),IF($A11<=2000,1000*INDEX('SALA 2002'!$B:$U,MATCH($A11,'SALA 2002'!$A:$A,0),MATCH(E$1,'SALA 2002'!$B$1:$U$1,0))*POWER(INDEX('WPP 2024 середина года'!$B:$U,MATCH($A11,'WPP 2024 середина года'!$A:$A,0),MATCH(E$1,'WPP 2024 середина года'!$B$1:$U$1,0))/(1000*INDEX('SALA 2002'!$B:$U,MATCH($A11,'SALA 2002'!$A:$A,0),MATCH(E$1,'SALA 2002'!$B$1:$U$1,0))),($A11-1994)/7),INDEX('WPP 2024 середина года'!$B:$U,MATCH($A11,'WPP 2024 середина года'!$A:$A,0),MATCH(E$1,'WPP 2024 середина года'!$B$1:$U$1,0))))) -> 3294 | F11: =IF($A11<=1947,INDEX('SALA 1974'!$B:$U,MATCH($A11,'SALA 1974'!$A:$A,0),MATCH(F$1,'SALA 1974'!$B$1:$U$1,0)),IF($A11<=1994,1000*INDEX('SALA 2002'!$B:$U,MATCH($A11,'SALA 2002'!$A:$A,0),MATCH(F$1,'SALA 2002'!$B$1:$U$1,0)),IF($A11<=2000,1000*INDEX('SALA 2002'!$B:$U,MATCH($A11,'SALA 2002'!$A:$A,0),MATCH(F$1,'SALA 2002'!$B$1:$U$1,0))*POWER(INDEX('WPP 2024 середина года'!$B:$U,MATCH($A11,'WPP 2024 середина года'!$A:$A,0),MATCH(F$1,'WPP 2024 середина года'!$B$1:$U$1,0))/(1000*INDEX('SALA 2002'!$B:$U,MATCH($A11,'SALA 2002'!$A:$A,0),MATCH(F$1,'SALA 2002'!$B$1:$U$1,0))),($A11-1994)/7),INDEX('WPP 2024 середина года'!$B:$U,MATCH($A11,'WPP 2024 середина года'!$A:$A,0),MATCH(F$1,'WPP 2024 середина года'!$B$1:$U$1,0))))) -> 4674 | G11: =IF($A11<=1951,INDEX('SALA 1974'!$B:$U,MATCH($A11,'SALA 1974'!$A:$A,0),MATCH(G$1,'SALA 1974'!$B$1:$U$1,0)),IF($A11<=1994,1000*INDEX('SALA 2002'!$B:$U,MATCH($A11,'SALA 2002'!$A:$A,0),MATCH(G$1,'SALA 2002'!$B$1:$U$1,0)),IF($A11<=2000,1000*INDEX('SALA 2002'!$B:$U,MATCH($A11,'SALA 2002'!$A:$A,0),MATCH(G$1,'SALA 2002'!$B$1:$U$1,0))*POWER(INDEX('WPP 2024 середина года'!$B:$U,MATCH($A11,'WPP 2024 середина года'!$A:$A,0),MATCH(G$1,'WPP 2024 середина года'!$B$1:$U$1,0))/(1000*INDEX('SALA 2002'!$B:$U,MATCH($A11,'SALA 2002'!$A:$A,0),MATCH(G$1,'SALA 2002'!$B$1:$U$1,0))),($A11-1994)/7),INDEX('WPP 2024 середина года'!$B:$U,MATCH($A11,'WPP 2024 середина года'!$A:$A,0),MATCH(G$1,'WPP 2024 середина года'!$B$1:$U$1,0))))) -> 358 | H11: =IF($A11<=1951,INDEX('SALA 1974'!$B:$U,MATCH($A11,'SALA 1974'!$A:$A,0),MATCH(H$1,'SALA 1974'!$B$1:$U$1,0)),IF($A11<=1994,1000*INDEX('SALA 2002'!$B:$U,MATCH($A11,'SALA 2002'!$A:$A,0),MATCH(H$1,'SALA 2002'!$B$1:$U$1,0)),IF($A11<=2000,1000*INDEX('SALA 2002'!$B:$U,MATCH($A11,'SALA 2002'!$A:$A,0),MATCH(H$1,'SALA 2002'!$B$1:$U$1,0))*POWER(INDEX('WPP 2024 середина года'!$B:$U,MATCH($A11,'WPP 2024 середина года'!$A:$A,0),MATCH(H$1,'WPP 2024 середина года'!$B$1:$U$1,0))/(1000*INDEX('SALA 2002'!$B:$U,MATCH($A11,'SALA 2002'!$A:$A,0),MATCH(H$1,'SALA 2002'!$B$1:$U$1,0))),($A11-1994)/7),INDEX('WPP 2024 середина года'!$B:$U,MATCH($A11,'WPP 2024 середина года'!$A:$A,0),MATCH(H$1,'WPP 2024 середина года'!$B$1:$U$1,0))))) -> 2154 | I11: =IF($A11<=1951,INDEX('SALA 1974'!$B:$U,MATCH($A11,'SALA 1974'!$A:$A,0),MATCH(I$1,'SALA 1974'!$B$1:$U$1,0)),IF($A11<=1994,1000*INDEX('SALA 2002'!$B:$U,MATCH($A11,'SALA 2002'!$A:$A,0),MATCH(I$1,'SALA 2002'!$B$1:$U$1,0)),IF($A11<=2000,1000*INDEX('SALA 2002'!$B:$U,MATCH($A11,'SALA 2002'!$A:$A,0),MATCH(I$1,'SALA 2002'!$B$1:$U$1,0))*POWER(INDEX('WPP 2024 середина года'!$B:$U,MATCH($A11,'WPP 2024 середина года'!$A:$A,0),MATCH(I$1,'WPP 2024 середина года'!$B$1:$U$1,0))/(1000*INDEX('SALA 2002'!$B:$U,MATCH($A11,'SALA 2002'!$A:$A,0),MATCH(I$1,'SALA 2002'!$B$1:$U$1,0))),($A11-1994)/7),INDEX('WPP 2024 середина года'!$B:$U,MATCH($A11,'WPP 2024 середина года'!$A:$A,0),MATCH(I$1,'WPP 2024 середина года'!$B$1:$U$1,0))))) -> 726 | J11: =IF($A11<=1951,INDEX('SALA 1974'!$B:$U,MATCH($A11,'SALA 1974'!$A:$A,0),MATCH(J$1,'SALA 1974'!$B$1:$U$1,0)),IF($A11<=1994,1000*INDEX('SALA 2002'!$B:$U,MATCH($A11,'SALA 2002'!$A:$A,0),MATCH(J$1,'SALA 2002'!$B$1:$U$1,0)),IF($A11<=2000,1000*INDEX('SALA 2002'!$B:$U,MATCH($A11,'SALA 2002'!$A:$A,0),MATCH(J$1,'SALA 2002'!$B$1:$U$1,0))*POWER(INDEX('WPP 2024 середина года'!$B:$U,MATCH($A11,'WPP 2024 середина года'!$A:$A,0),MATCH(J$1,'WPP 2024 середина года'!$B$1:$U$1,0))/(1000*INDEX('SALA 2002'!$B:$U,MATCH($A11,'SALA 2002'!$A:$A,0),MATCH(J$1,'SALA 2002'!$B$1:$U$1,0))),($A11-1994)/7),INDEX('WPP 2024 середина года'!$B:$U,MATCH($A11,'WPP 2024 середина года'!$A:$A,0),MATCH(J$1,'WPP 2024 середина года'!$B$1:$U$1,0))))) -> 1408 | K11: =IF($A11<=1951,INDEX('SALA 1974'!$B:$U,MATCH($A11,'SALA 1974'!$A:$A,0),MATCH(K$1,'SALA 1974'!$B$1:$U$1,0)),IF($A11<=1994,1000*INDEX('SALA 2002'!$B:$U,MATCH($A11,'SALA 2002'!$A:$A,0),MATCH(K$1,'SALA 2002'!$B$1:$U$1,0)),IF($A11<=2000,1000*INDEX('SALA 2002'!$B:$U,MATCH($A11,'SALA 2002'!$A:$A,0),MATCH(K$1,'SALA 2002'!$B$1:$U$1,0))*POWER(INDEX('WPP 2024 середина года'!$B:$U,MATCH($A11,'WPP 2024 середина года'!$A:$A,0),MATCH(K$1,'WPP 2024 середина года'!$B$1:$U$1,0))/(1000*INDEX('SALA 2002'!$B:$U,MATCH($A11,'SALA 2002'!$A:$A,0),MATCH(K$1,'SALA 2002'!$B$1:$U$1,0))),($A11-1994)/7),INDEX('WPP 2024 середина года'!$B:$U,MATCH($A11,'WPP 2024 середина года'!$A:$A,0),MATCH(K$1,'WPP 2024 середина года'!$B$1:$U$1,0))))) -> 966 | L11: =IF($A11<=1951,INDEX('SALA 1974'!$B:$U,MATCH($A11,'SALA 1974'!$A:$A,0),MATCH(L$1,'SALA 1974'!$B$1:$U$1,0)),IF($A11<=1994,1000*INDEX('SALA 2002'!$B:$U,MATCH($A11,'SALA 2002'!$A:$A,0),MATCH(L$1,'SALA 2002'!$B$1:$U$1,0)),IF($A11<=2000,1000*INDEX('SALA 2002'!$B:$U,MATCH($A11,'SALA 2002'!$A:$A,0),MATCH(L$1,'SALA 2002'!$B$1:$U$1,0))*POWER(INDEX('WPP 2024 середина года'!$B:$U,MATCH($A11,'WPP 2024 середина года'!$A:$A,0),MATCH(L$1,'WPP 2024 середина года'!$B$1:$U$1,0))/(1000*INDEX('SALA 2002'!$B:$U,MATCH($A11,'SALA 2002'!$A:$A,0),MATCH(L$1,'SALA 2002'!$B$1:$U$1,0))),($A11-1994)/7),INDEX('WPP 2024 середина года'!$B:$U,MATCH($A11,'WPP 2024 середина года'!$A:$A,0),MATCH(L$1,'WPP 2024 середина года'!$B$1:$U$1,0))))) -> 1079 | M11: =IF($A11<=1951,INDEX('SALA 1974'!$B:$U,MATCH($A11,'SALA 1974'!$A:$A,0),MATCH(M$1,'SALA 1974'!$B$1:$U$1,0)),IF($A11<=1994,1000*INDEX('SALA 2002'!$B:$U,MATCH($A11,'SALA 2002'!$A:$A,0),MATCH(M$1,'SALA 2002'!$B$1:$U$1,0)),IF($A11<=2000,1000*INDEX('SALA 2002'!$B:$U,MATCH($A11,'SALA 2002'!$A:$A,0),MATCH(M$1,'SALA 2002'!$B$1:$U$1,0))*POWER(INDEX('WPP 2024 середина года'!$B:$U,MATCH($A11,'WPP 2024 середина года'!$A:$A,0),MATCH(M$1,'WPP 2024 середина года'!$B$1:$U$1,0))/(1000*INDEX('SALA 2002'!$B:$U,MATCH($A11,'SALA 2002'!$A:$A,0),MATCH(M$1,'SALA 2002'!$B$1:$U$1,0))),($A11-1994)/7),INDEX('WPP 2024 середина года'!$B:$U,MATCH($A11,'WPP 2024 середина года'!$A:$A,0),MATCH(M$1,'WPP 2024 середина года'!$B$1:$U$1,0))))) -> 1643 | N11: =IF($A11<=1951,INDEX('SALA 1974'!$B:$U,MATCH($A11,'SALA 1974'!$A:$A,0),MATCH(N$1,'SALA 1974'!$B$1:$U$1,0)),IF($A11<=1994,1000*INDEX('SALA 2002'!$B:$U,MATCH($A11,'SALA 2002'!$A:$A,0),MATCH(N$1,'SALA 2002'!$B$1:$U$1,0)),IF($A11<=2000,1000*INDEX('SALA 2002'!$B:$U,MATCH($A11,'SALA 2002'!$A:$A,0),MATCH(N$1,'SALA 2002'!$B$1:$U$1,0))*POWER(INDEX('WPP 2024 середина года'!$B:$U,MATCH($A11,'WPP 2024 середина года'!$A:$A,0),MATCH(N$1,'WPP 2024 середина года'!$B$1:$U$1,0))/(1000*INDEX('SALA 2002'!$B:$U,MATCH($A11,'SALA 2002'!$A:$A,0),MATCH(N$1,'SALA 2002'!$B$1:$U$1,0))),($A11-1994)/7),INDEX('WPP 2024 середина года'!$B:$U,MATCH($A11,'WPP 2024 середина года'!$A:$A,0),MATCH(N$1,'WPP 2024 середина года'!$B$1:$U$1,0))))) -> 542 | ... U11: =IF($A11<=1951,INDEX('SALA 1974'!$B:$U,MATCH($A11,'SALA 1974'!$A:$A,0),MATCH(U$1,'SALA 1974'!$B$1:$U$1,0)),IF($A11<=1994,1000*INDEX('SALA 2002'!$B:$U,MATCH($A11,'SALA 2002'!$A:$A,0),MATCH(U$1,'SALA 2002'!$B$1:$U$1,0)),IF($A11<=2000,1000*INDEX('SALA 2002'!$B:$U,MATCH($A11,'SALA 2002'!$A:$A,0),MATCH(U$1,'SALA 2002'!$B$1:$U$1,0))*POWER(INDEX('WPP 2024 середина года'!$B:$U,MATCH($A11,'WPP 2024 середина года'!$A:$A,0),MATCH(U$1,'WPP 2024 середина года'!$B$1:$U$1,0))/(1000*INDEX('SALA 2002'!$B:$U,MATCH($A11,'SALA 2002'!$A:$A,0),MATCH(U$1,'SALA 2002'!$B$1:$U$1,0))),($A11-1994)/7),INDEX('WPP 2024 середина года'!$B:$U,MATCH($A11,'WPP 2024 середина года'!$A:$A,0),MATCH(U$1,'WPP 2024 середина года'!$B$1:$U$1,0))))) -> 2575
A12: =A11+1 -> 1910 | B12: =IF($A12<=1951,INDEX('SALA 1974'!$B:$U,MATCH($A12,'SALA 1974'!$A:$A,0),MATCH(B$1,'SALA 1974'!$B$1:$U$1,0)),IF($A12<=1994,1000*INDEX('SALA 2002'!$B:$U,MATCH($A12,'SALA 2002'!$A:$A,0),MATCH(B$1,'SALA 2002'!$B$1:$U$1,0)),IF($A12<=2000,1000*INDEX('SALA 2002'!$B:$U,MATCH($A12,'SALA 2002'!$A:$A,0),MATCH(B$1,'SALA 2002'!$B$1:$U$1,0))*POWER(INDEX('WPP 2024 середина года'!$B:$U,MATCH($A12,'WPP 2024 середина года'!$A:$A,0),MATCH(B$1,'WPP 2024 середина года'!$B$1:$U$1,0))/(1000*INDEX('SALA 2002'!$B:$U,MATCH($A12,'SALA 2002'!$A:$A,0),MATCH(B$1,'SALA 2002'!$B$1:$U$1,0))),($A12-1994)/7),INDEX('WPP 2024 середина года'!$B:$U,MATCH($A12,'WPP 2024 середина года'!$A:$A,0),MATCH(B$1,'WPP 2024 середина года'!$B$1:$U$1,0))))) -> 6799 | C12: =IF($A12<=1951,INDEX('SALA 1974'!$B:$U,MATCH($A12,'SALA 1974'!$A:$A,0),MATCH(C$1,'SALA 1974'!$B$1:$U$1,0)),IF($A12<=1994,1000*INDEX('SALA 2002'!$B:$U,MATCH($A12,'SALA 2002'!$A:$A,0),MATCH(C$1,'SALA 2002'!$B$1:$U$1,0)),IF($A12<=2000,1000*INDEX('SALA 2002'!$B:$U,MATCH($A12,'SALA 2002'!$A:$A,0),MATCH(C$1,'SALA 2002'!$B$1:$U$1,0))*POWER(INDEX('WPP 2024 середина года'!$B:$U,MATCH($A12,'WPP 2024 середина года'!$A:$A,0),MATCH(C$1,'WPP 2024 середина года'!$B$1:$U$1,0))/(1000*INDEX('SALA 2002'!$B:$U,MATCH($A12,'SALA 2002'!$A:$A,0),MATCH(C$1,'SALA 2002'!$B$1:$U$1,0))),($A12-1994)/7),INDEX('WPP 2024 середина года'!$B:$U,MATCH($A12,'WPP 2024 середина года'!$A:$A,0),MATCH(C$1,'WPP 2024 середина года'!$B$1:$U$1,0))))) -> 1951 | D12: =IF($A12<=1951,INDEX('SALA 1974'!$B:$U,MATCH($A12,'SALA 1974'!$A:$A,0),MATCH(D$1,'SALA 1974'!$B$1:$U$1,0)),IF($A12<=1994,1000*INDEX('SALA 2002'!$B:$U,MATCH($A12,'SALA 2002'!$A:$A,0),MATCH(D$1,'SALA 2002'!$B$1:$U$1,0)),IF($A12<=2000,1000*INDEX('SALA 2002'!$B:$U,MATCH($A12,'SALA 2002'!$A:$A,0),MATCH(D$1,'SALA 2002'!$B$1:$U$1,0))*POWER(INDEX('WPP 2024 середина года'!$B:$U,MATCH($A12,'WPP 2024 середина года'!$A:$A,0),MATCH(D$1,'WPP 2024 середина года'!$B$1:$U$1,0))/(1000*INDEX('SALA 2002'!$B:$U,MATCH($A12,'SALA 2002'!$A:$A,0),MATCH(D$1,'SALA 2002'!$B$1:$U$1,0))),($A12-1994)/7),INDEX('WPP 2024 середина года'!$B:$U,MATCH($A12,'WPP 2024 середина года'!$A:$A,0),MATCH(D$1,'WPP 2024 середина года'!$B$1:$U$1,0))))) -> 22216 | E12: =IF($A12<=1951,INDEX('SALA 1974'!$B:$U,MATCH($A12,'SALA 1974'!$A:$A,0),MATCH(E$1,'SALA 1974'!$B$1:$U$1,0)),IF($A12<=1994,1000*INDEX('SALA 2002'!$B:$U,MATCH($A12,'SALA 2002'!$A:$A,0),MATCH(E$1,'SALA 2002'!$B$1:$U$1,0)),IF($A12<=2000,1000*INDEX('SALA 2002'!$B:$U,MATCH($A12,'SALA 2002'!$A:$A,0),MATCH(E$1,'SALA 2002'!$B$1:$U$1,0))*POWER(INDEX('WPP 2024 середина года'!$B:$U,MATCH($A12,'WPP 2024 середина года'!$A:$A,0),MATCH(E$1,'WPP 2024 середина года'!$B$1:$U$1,0))/(1000*INDEX('SALA 2002'!$B:$U,MATCH($A12,'SALA 2002'!$A:$A,0),MATCH(E$1,'SALA 2002'!$B$1:$U$1,0))),($A12-1994)/7),INDEX('WPP 2024 середина года'!$B:$U,MATCH($A12,'WPP 2024 середина года'!$A:$A,0),MATCH(E$1,'WPP 2024 середина года'!$B$1:$U$1,0))))) -> 3336 | F12: =IF($A12<=1947,INDEX('SALA 1974'!$B:$U,MATCH($A12,'SALA 1974'!$A:$A,0),MATCH(F$1,'SALA 1974'!$B$1:$U$1,0)),IF($A12<=1994,1000*INDEX('SALA 2002'!$B:$U,MATCH($A12,'SALA 2002'!$A:$A,0),MATCH(F$1,'SALA 2002'!$B$1:$U$1,0)),IF($A12<=2000,1000*INDEX('SALA 2002'!$B:$U,MATCH($A12,'SALA 2002'!$A:$A,0),MATCH(F$1,'SALA 2002'!$B$1:$U$1,0))*POWER(INDEX('WPP 2024 середина года'!$B:$U,MATCH($A12,'WPP 2024 середина года'!$A:$A,0),MATCH(F$1,'WPP 2024 середина года'!$B$1:$U$1,0))/(1000*INDEX('SALA 2002'!$B:$U,MATCH($A12,'SALA 2002'!$A:$A,0),MATCH(F$1,'SALA 2002'!$B$1:$U$1,0))),($A12-1994)/7),INDEX('WPP 2024 середина года'!$B:$U,MATCH($A12,'WPP 2024 середина года'!$A:$A,0),MATCH(F$1,'WPP 2024 середина года'!$B$1:$U$1,0))))) -> 4807 | G12: =IF($A12<=1951,INDEX('SALA 1974'!$B:$U,MATCH($A12,'SALA 1974'!$A:$A,0),MATCH(G$1,'SALA 1974'!$B$1:$U$1,0)),IF($A12<=1994,1000*INDEX('SALA 2002'!$B:$U,MATCH($A12,'SALA 2002'!$A:$A,0),MATCH(G$1,'SALA 2002'!$B$1:$U$1,0)),IF($A12<=2000,1000*INDEX('SALA 2002'!$B:$U,MATCH($A12,'SALA 2002'!$A:$A,0),MATCH(G$1,'SALA 2002'!$B$1:$U$1,0))*POWER(INDEX('WPP 2024 середина года'!$B:$U,MATCH($A12,'WPP 2024 середина года'!$A:$A,0),MATCH(G$1,'WPP 2024 середина года'!$B$1:$U$1,0))/(1000*INDEX('SALA 2002'!$B:$U,MATCH($A12,'SALA 2002'!$A:$A,0),MATCH(G$1,'SALA 2002'!$B$1:$U$1,0))),($A12-1994)/7),INDEX('WPP 2024 середина года'!$B:$U,MATCH($A12,'WPP 2024 середина года'!$A:$A,0),MATCH(G$1,'WPP 2024 середина года'!$B$1:$U$1,0))))) -> 364 | H12: =IF($A12<=1951,INDEX('SALA 1974'!$B:$U,MATCH($A12,'SALA 1974'!$A:$A,0),MATCH(H$1,'SALA 1974'!$B$1:$U$1,0)),IF($A12<=1994,1000*INDEX('SALA 2002'!$B:$U,MATCH($A12,'SALA 2002'!$A:$A,0),MATCH(H$1,'SALA 2002'!$B$1:$U$1,0)),IF($A12<=2000,1000*INDEX('SALA 2002'!$B:$U,MATCH($A12,'SALA 2002'!$A:$A,0),MATCH(H$1,'SALA 2002'!$B$1:$U$1,0))*POWER(INDEX('WPP 2024 середина года'!$B:$U,MATCH($A12,'WPP 2024 середина года'!$A:$A,0),MATCH(H$1,'WPP 2024 середина года'!$B$1:$U$1,0))/(1000*INDEX('SALA 2002'!$B:$U,MATCH($A12,'SALA 2002'!$A:$A,0),MATCH(H$1,'SALA 2002'!$B$1:$U$1,0))),($A12-1994)/7),INDEX('WPP 2024 середина года'!$B:$U,MATCH($A12,'WPP 2024 середина года'!$A:$A,0),MATCH(H$1,'WPP 2024 середина года'!$B$1:$U$1,0))))) -> 2219 | I12: =IF($A12<=1951,INDEX('SALA 1974'!$B:$U,MATCH($A12,'SALA 1974'!$A:$A,0),MATCH(I$1,'SALA 1974'!$B$1:$U$1,0)),IF($A12<=1994,1000*INDEX('SALA 2002'!$B:$U,MATCH($A12,'SALA 2002'!$A:$A,0),MATCH(I$1,'SALA 2002'!$B$1:$U$1,0)),IF($A12<=2000,1000*INDEX('SALA 2002'!$B:$U,MATCH($A12,'SALA 2002'!$A:$A,0),MATCH(I$1,'SALA 2002'!$B$1:$U$1,0))*POWER(INDEX('WPP 2024 середина года'!$B:$U,MATCH($A12,'WPP 2024 середина года'!$A:$A,0),MATCH(I$1,'WPP 2024 середина года'!$B$1:$U$1,0))/(1000*INDEX('SALA 2002'!$B:$U,MATCH($A12,'SALA 2002'!$A:$A,0),MATCH(I$1,'SALA 2002'!$B$1:$U$1,0))),($A12-1994)/7),INDEX('WPP 2024 середина года'!$B:$U,MATCH($A12,'WPP 2024 середина года'!$A:$A,0),MATCH(I$1,'WPP 2024 середина года'!$B$1:$U$1,0))))) -> 740 | J12: =IF($A12<=1951,INDEX('SALA 1974'!$B:$U,MATCH($A12,'SALA 1974'!$A:$A,0),MATCH(J$1,'SALA 1974'!$B$1:$U$1,0)),IF($A12<=1994,1000*INDEX('SALA 2002'!$B:$U,MATCH($A12,'SALA 2002'!$A:$A,0),MATCH(J$1,'SALA 2002'!$B$1:$U$1,0)),IF($A12<=2000,1000*INDEX('SALA 2002'!$B:$U,MATCH($A12,'SALA 2002'!$A:$A,0),MATCH(J$1,'SALA 2002'!$B$1:$U$1,0))*POWER(INDEX('WPP 2024 середина года'!$B:$U,MATCH($A12,'WPP 2024 середина года'!$A:$A,0),MATCH(J$1,'WPP 2024 середина года'!$B$1:$U$1,0))/(1000*INDEX('SALA 2002'!$B:$U,MATCH($A12,'SALA 2002'!$A:$A,0),MATCH(J$1,'SALA 2002'!$B$1:$U$1,0))),($A12-1994)/7),INDEX('WPP 2024 середина года'!$B:$U,MATCH($A12,'WPP 2024 середина года'!$A:$A,0),MATCH(J$1,'WPP 2024 середина года'!$B$1:$U$1,0))))) -> 1421 | K12: =IF($A12<=1951,INDEX('SALA 1974'!$B:$U,MATCH($A12,'SALA 1974'!$A:$A,0),MATCH(K$1,'SALA 1974'!$B$1:$U$1,0)),IF($A12<=1994,1000*INDEX('SALA 2002'!$B:$U,MATCH($A12,'SALA 2002'!$A:$A,0),MATCH(K$1,'SALA 2002'!$B$1:$U$1,0)),IF($A12<=2000,1000*INDEX('SALA 2002'!$B:$U,MATCH($A12,'SALA 2002'!$A:$A,0),MATCH(K$1,'SALA 2002'!$B$1:$U$1,0))*POWER(INDEX('WPP 2024 середина года'!$B:$U,MATCH($A12,'WPP 2024 середина года'!$A:$A,0),MATCH(K$1,'WPP 2024 середина года'!$B$1:$U$1,0))/(1000*INDEX('SALA 2002'!$B:$U,MATCH($A12,'SALA 2002'!$A:$A,0),MATCH(K$1,'SALA 2002'!$B$1:$U$1,0))),($A12-1994)/7),INDEX('WPP 2024 середина года'!$B:$U,MATCH($A12,'WPP 2024 середина года'!$A:$A,0),MATCH(K$1,'WPP 2024 середина года'!$B$1:$U$1,0))))) -> 985 | L12: =IF($A12<=1951,INDEX('SALA 1974'!$B:$U,MATCH($A12,'SALA 1974'!$A:$A,0),MATCH(L$1,'SALA 1974'!$B$1:$U$1,0)),IF($A12<=1994,1000*INDEX('SALA 2002'!$B:$U,MATCH($A12,'SALA 2002'!$A:$A,0),MATCH(L$1,'SALA 2002'!$B$1:$U$1,0)),IF($A12<=2000,1000*INDEX('SALA 2002'!$B:$U,MATCH($A12,'SALA 2002'!$A:$A,0),MATCH(L$1,'SALA 2002'!$B$1:$U$1,0))*POWER(INDEX('WPP 2024 середина года'!$B:$U,MATCH($A12,'WPP 2024 середина года'!$A:$A,0),MATCH(L$1,'WPP 2024 середина года'!$B$1:$U$1,0))/(1000*INDEX('SALA 2002'!$B:$U,MATCH($A12,'SALA 2002'!$A:$A,0),MATCH(L$1,'SALA 2002'!$B$1:$U$1,0))),($A12-1994)/7),INDEX('WPP 2024 середина года'!$B:$U,MATCH($A12,'WPP 2024 середина года'!$A:$A,0),MATCH(L$1,'WPP 2024 середина года'!$B$1:$U$1,0))))) -> 1096 | M12: =IF($A12<=1951,INDEX('SALA 1974'!$B:$U,MATCH($A12,'SALA 1974'!$A:$A,0),MATCH(M$1,'SALA 1974'!$B$1:$U$1,0)),IF($A12<=1994,1000*INDEX('SALA 2002'!$B:$U,MATCH($A12,'SALA 2002'!$A:$A,0),MATCH(M$1,'SALA 2002'!$B$1:$U$1,0)),IF($A12<=2000,1000*INDEX('SALA 2002'!$B:$U,MATCH($A12,'SALA 2002'!$A:$A,0),MATCH(M$1,'SALA 2002'!$B$1:$U$1,0))*POWER(INDEX('WPP 2024 середина года'!$B:$U,MATCH($A12,'WPP 2024 середина года'!$A:$A,0),MATCH(M$1,'WPP 2024 середина года'!$B$1:$U$1,0))/(1000*INDEX('SALA 2002'!$B:$U,MATCH($A12,'SALA 2002'!$A:$A,0),MATCH(M$1,'SALA 2002'!$B$1:$U$1,0))),($A12-1994)/7),INDEX('WPP 2024 середина года'!$B:$U,MATCH($A12,'WPP 2024 середина года'!$A:$A,0),MATCH(M$1,'WPP 2024 середина года'!$B$1:$U$1,0))))) -> 1687 | N12: =IF($A12<=1951,INDEX('SALA 1974'!$B:$U,MATCH($A12,'SALA 1974'!$A:$A,0),MATCH(N$1,'SALA 1974'!$B$1:$U$1,0)),IF($A12<=1994,1000*INDEX('SALA 2002'!$B:$U,MATCH($A12,'SALA 2002'!$A:$A,0),MATCH(N$1,'SALA 2002'!$B$1:$U$1,0)),IF($A12<=2000,1000*INDEX('SALA 2002'!$B:$U,MATCH($A12,'SALA 2002'!$A:$A,0),MATCH(N$1,'SALA 2002'!$B$1:$U$1,0))*POWER(INDEX('WPP 2024 середина года'!$B:$U,MATCH($A12,'WPP 2024 середина года'!$A:$A,0),MATCH(N$1,'WPP 2024 середина года'!$B$1:$U$1,0))/(1000*INDEX('SALA 2002'!$B:$U,MATCH($A12,'SALA 2002'!$A:$A,0),MATCH(N$1,'SALA 2002'!$B$1:$U$1,0))),($A12-1994)/7),INDEX('WPP 2024 середина года'!$B:$U,MATCH($A12,'WPP 2024 середина года'!$A:$A,0),MATCH(N$1,'WPP 2024 середина года'!$B$1:$U$1,0))))) -> 553 | ... U12: =IF($A12<=1951,INDEX('SALA 1974'!$B:$U,MATCH($A12,'SALA 1974'!$A:$A,0),MATCH(U$1,'SALA 1974'!$B$1:$U$1,0)),IF($A12<=1994,1000*INDEX('SALA 2002'!$B:$U,MATCH($A12,'SALA 2002'!$A:$A,0),MATCH(U$1,'SALA 2002'!$B$1:$U$1,0)),IF($A12<=2000,1000*INDEX('SALA 2002'!$B:$U,MATCH($A12,'SALA 2002'!$A:$A,0),MATCH(U$1,'SALA 2002'!$B$1:$U$1,0))*POWER(INDEX('WPP 2024 середина года'!$B:$U,MATCH($A12,'WPP 2024 середина года'!$A:$A,0),MATCH(U$1,'WPP 2024 середина года'!$B$1:$U$1,0))/(1000*INDEX('SALA 2002'!$B:$U,MATCH($A12,'SALA 2002'!$A:$A,0),MATCH(U$1,'SALA 2002'!$B$1:$U$1,0))),($A12-1994)/7),INDEX('WPP 2024 середина года'!$B:$U,MATCH($A12,'WPP 2024 середина года'!$A:$A,0),MATCH(U$1,'WPP 2024 середина года'!$B$1:$U$1,0))))) -> 2596
A13: =A12+1 -> 1911 | B13: =IF($A13<=1951,INDEX('SALA 1974'!$B:$U,MATCH($A13,'SALA 1974'!$A:$A,0),MATCH(B$1,'SALA 1974'!$B$1:$U$1,0)),IF($A13<=1994,1000*INDEX('SALA 2002'!$B:$U,MATCH($A13,'SALA 2002'!$A:$A,0),MATCH(B$1,'SALA 2002'!$B$1:$U$1,0)),IF($A13<=2000,1000*INDEX('SALA 2002'!$B:$U,MATCH($A13,'SALA 2002'!$A:$A,0),MATCH(B$1,'SALA 2002'!$B$1:$U$1,0))*POWER(INDEX('WPP 2024 середина года'!$B:$U,MATCH($A13,'WPP 2024 середина года'!$A:$A,0),MATCH(B$1,'WPP 2024 середина года'!$B$1:$U$1,0))/(1000*INDEX('SALA 2002'!$B:$U,MATCH($A13,'SALA 2002'!$A:$A,0),MATCH(B$1,'SALA 2002'!$B$1:$U$1,0))),($A13-1994)/7),INDEX('WPP 2024 середина года'!$B:$U,MATCH($A13,'WPP 2024 середина года'!$A:$A,0),MATCH(B$1,'WPP 2024 середина года'!$B$1:$U$1,0))))) -> 7070 | C13: =IF($A13<=1951,INDEX('SALA 1974'!$B:$U,MATCH($A13,'SALA 1974'!$A:$A,0),MATCH(C$1,'SALA 1974'!$B$1:$U$1,0)),IF($A13<=1994,1000*INDEX('SALA 2002'!$B:$U,MATCH($A13,'SALA 2002'!$A:$A,0),MATCH(C$1,'SALA 2002'!$B$1:$U$1,0)),IF($A13<=2000,1000*INDEX('SALA 2002'!$B:$U,MATCH($A13,'SALA 2002'!$A:$A,0),MATCH(C$1,'SALA 2002'!$B$1:$U$1,0))*POWER(INDEX('WPP 2024 середина года'!$B:$U,MATCH($A13,'WPP 2024 середина года'!$A:$A,0),MATCH(C$1,'WPP 2024 середина года'!$B$1:$U$1,0))/(1000*INDEX('SALA 2002'!$B:$U,MATCH($A13,'SALA 2002'!$A:$A,0),MATCH(C$1,'SALA 2002'!$B$1:$U$1,0))),($A13-1994)/7),INDEX('WPP 2024 середина года'!$B:$U,MATCH($A13,'WPP 2024 середина года'!$A:$A,0),MATCH(C$1,'WPP 2024 середина года'!$B$1:$U$1,0))))) -> 1970 | D13: =IF($A13<=1951,INDEX('SALA 1974'!$B:$U,MATCH($A13,'SALA 1974'!$A:$A,0),MATCH(D$1,'SALA 1974'!$B$1:$U$1,0)),IF($A13<=1994,1000*INDEX('SALA 2002'!$B:$U,MATCH($A13,'SALA 2002'!$A:$A,0),MATCH(D$1,'SALA 2002'!$B$1:$U$1,0)),IF($A13<=2000,1000*INDEX('SALA 2002'!$B:$U,MATCH($A13,'SALA 2002'!$A:$A,0),MATCH(D$1,'SALA 2002'!$B$1:$U$1,0))*POWER(INDEX('WPP 2024 середина года'!$B:$U,MATCH($A13,'WPP 2024 середина года'!$A:$A,0),MATCH(D$1,'WPP 2024 середина года'!$B$1:$U$1,0))/(1000*INDEX('SALA 2002'!$B:$U,MATCH($A13,'SALA 2002'!$A:$A,0),MATCH(D$1,'SALA 2002'!$B$1:$U$1,0))),($A13-1994)/7),INDEX('WPP 2024 середина года'!$B:$U,MATCH($A13,'WPP 2024 середина года'!$A:$A,0),MATCH(D$1,'WPP 2024 середина года'!$B$1:$U$1,0))))) -> 22687 | E13: =IF($A13<=1951,INDEX('SALA 1974'!$B:$U,MATCH($A13,'SALA 1974'!$A:$A,0),MATCH(E$1,'SALA 1974'!$B$1:$U$1,0)),IF($A13<=1994,1000*INDEX('SALA 2002'!$B:$U,MATCH($A13,'SALA 2002'!$A:$A,0),MATCH(E$1,'SALA 2002'!$B$1:$U$1,0)),IF($A13<=2000,1000*INDEX('SALA 2002'!$B:$U,MATCH($A13,'SALA 2002'!$A:$A,0),MATCH(E$1,'SALA 2002'!$B$1:$U$1,0))*POWER(INDEX('WPP 2024 середина года'!$B:$U,MATCH($A13,'WPP 2024 середина года'!$A:$A,0),MATCH(E$1,'WPP 2024 середина года'!$B$1:$U$1,0))/(1000*INDEX('SALA 2002'!$B:$U,MATCH($A13,'SALA 2002'!$A:$A,0),MATCH(E$1,'SALA 2002'!$B$1:$U$1,0))),($A13-1994)/7),INDEX('WPP 2024 середина года'!$B:$U,MATCH($A13,'WPP 2024 середина года'!$A:$A,0),MATCH(E$1,'WPP 2024 середина года'!$B$1:$U$1,0))))) -> 3378 | F13: =IF($A13<=1947,INDEX('SALA 1974'!$B:$U,MATCH($A13,'SALA 1974'!$A:$A,0),MATCH(F$1,'SALA 1974'!$B$1:$U$1,0)),IF($A13<=1994,1000*INDEX('SALA 2002'!$B:$U,MATCH($A13,'SALA 2002'!$A:$A,0),MATCH(F$1,'SALA 2002'!$B$1:$U$1,0)),IF($A13<=2000,1000*INDEX('SALA 2002'!$B:$U,MATCH($A13,'SALA 2002'!$A:$A,0),MATCH(F$1,'SALA 2002'!$B$1:$U$1,0))*POWER(INDEX('WPP 2024 середина года'!$B:$U,MATCH($A13,'WPP 2024 середина года'!$A:$A,0),MATCH(F$1,'WPP 2024 середина года'!$B$1:$U$1,0))/(1000*INDEX('SALA 2002'!$B:$U,MATCH($A13,'SALA 2002'!$A:$A,0),MATCH(F$1,'SALA 2002'!$B$1:$U$1,0))),($A13-1994)/7),INDEX('WPP 2024 середина года'!$B:$U,MATCH($A13,'WPP 2024 середина года'!$A:$A,0),MATCH(F$1,'WPP 2024 середина года'!$B$1:$U$1,0))))) -> 4940 | G13: =IF($A13<=1951,INDEX('SALA 1974'!$B:$U,MATCH($A13,'SALA 1974'!$A:$A,0),MATCH(G$1,'SALA 1974'!$B$1:$U$1,0)),IF($A13<=1994,1000*INDEX('SALA 2002'!$B:$U,MATCH($A13,'SALA 2002'!$A:$A,0),MATCH(G$1,'SALA 2002'!$B$1:$U$1,0)),IF($A13<=2000,1000*INDEX('SALA 2002'!$B:$U,MATCH($A13,'SALA 2002'!$A:$A,0),MATCH(G$1,'SALA 2002'!$B$1:$U$1,0))*POWER(INDEX('WPP 2024 середина года'!$B:$U,MATCH($A13,'WPP 2024 середина года'!$A:$A,0),MATCH(G$1,'WPP 2024 середина года'!$B$1:$U$1,0))/(1000*INDEX('SALA 2002'!$B:$U,MATCH($A13,'SALA 2002'!$A:$A,0),MATCH(G$1,'SALA 2002'!$B$1:$U$1,0))),($A13-1994)/7),INDEX('WPP 2024 середина года'!$B:$U,MATCH($A13,'WPP 2024 середина года'!$A:$A,0),MATCH(G$1,'WPP 2024 середина года'!$B$1:$U$1,0))))) -> 370 | H13: =IF($A13<=1951,INDEX('SALA 1974'!$B:$U,MATCH($A13,'SALA 1974'!$A:$A,0),MATCH(H$1,'SALA 1974'!$B$1:$U$1,0)),IF($A13<=1994,1000*INDEX('SALA 2002'!$B:$U,MATCH($A13,'SALA 2002'!$A:$A,0),MATCH(H$1,'SALA 2002'!$B$1:$U$1,0)),IF($A13<=2000,1000*INDEX('SALA 2002'!$B:$U,MATCH($A13,'SALA 2002'!$A:$A,0),MATCH(H$1,'SALA 2002'!$B$1:$U$1,0))*POWER(INDEX('WPP 2024 середина года'!$B:$U,MATCH($A13,'WPP 2024 середина года'!$A:$A,0),MATCH(H$1,'WPP 2024 середина года'!$B$1:$U$1,0))/(1000*INDEX('SALA 2002'!$B:$U,MATCH($A13,'SALA 2002'!$A:$A,0),MATCH(H$1,'SALA 2002'!$B$1:$U$1,0))),($A13-1994)/7),INDEX('WPP 2024 середина года'!$B:$U,MATCH($A13,'WPP 2024 середина года'!$A:$A,0),MATCH(H$1,'WPP 2024 середина года'!$B$1:$U$1,0))))) -> 2287 | I13: =IF($A13<=1951,INDEX('SALA 1974'!$B:$U,MATCH($A13,'SALA 1974'!$A:$A,0),MATCH(I$1,'SALA 1974'!$B$1:$U$1,0)),IF($A13<=1994,1000*INDEX('SALA 2002'!$B:$U,MATCH($A13,'SALA 2002'!$A:$A,0),MATCH(I$1,'SALA 2002'!$B$1:$U$1,0)),IF($A13<=2000,1000*INDEX('SALA 2002'!$B:$U,MATCH($A13,'SALA 2002'!$A:$A,0),MATCH(I$1,'SALA 2002'!$B$1:$U$1,0))*POWER(INDEX('WPP 2024 середина года'!$B:$U,MATCH($A13,'WPP 2024 середина года'!$A:$A,0),MATCH(I$1,'WPP 2024 середина года'!$B$1:$U$1,0))/(1000*INDEX('SALA 2002'!$B:$U,MATCH($A13,'SALA 2002'!$A:$A,0),MATCH(I$1,'SALA 2002'!$B$1:$U$1,0))),($A13-1994)/7),INDEX('WPP 2024 середина года'!$B:$U,MATCH($A13,'WPP 2024 середина года'!$A:$A,0),MATCH(I$1,'WPP 2024 середина года'!$B$1:$U$1,0))))) -> 753 | J13: =IF($A13<=1951,INDEX('SALA 1974'!$B:$U,MATCH($A13,'SALA 1974'!$A:$A,0),MATCH(J$1,'SALA 1974'!$B$1:$U$1,0)),IF($A13<=1994,1000*INDEX('SALA 2002'!$B:$U,MATCH($A13,'SALA 2002'!$A:$A,0),MATCH(J$1,'SALA 2002'!$B$1:$U$1,0)),IF($A13<=2000,1000*INDEX('SALA 2002'!$B:$U,MATCH($A13,'SALA 2002'!$A:$A,0),MATCH(J$1,'SALA 2002'!$B$1:$U$1,0))*POWER(INDEX('WPP 2024 середина года'!$B:$U,MATCH($A13,'WPP 2024 середина года'!$A:$A,0),MATCH(J$1,'WPP 2024 середина года'!$B$1:$U$1,0))/(1000*INDEX('SALA 2002'!$B:$U,MATCH($A13,'SALA 2002'!$A:$A,0),MATCH(J$1,'SALA 2002'!$B$1:$U$1,0))),($A13-1994)/7),INDEX('WPP 2024 середина года'!$B:$U,MATCH($A13,'WPP 2024 середина года'!$A:$A,0),MATCH(J$1,'WPP 2024 середина года'!$B$1:$U$1,0))))) -> 1433 | K13: =IF($A13<=1951,INDEX('SALA 1974'!$B:$U,MATCH($A13,'SALA 1974'!$A:$A,0),MATCH(K$1,'SALA 1974'!$B$1:$U$1,0)),IF($A13<=1994,1000*INDEX('SALA 2002'!$B:$U,MATCH($A13,'SALA 2002'!$A:$A,0),MATCH(K$1,'SALA 2002'!$B$1:$U$1,0)),IF($A13<=2000,1000*INDEX('SALA 2002'!$B:$U,MATCH($A13,'SALA 2002'!$A:$A,0),MATCH(K$1,'SALA 2002'!$B$1:$U$1,0))*POWER(INDEX('WPP 2024 середина года'!$B:$U,MATCH($A13,'WPP 2024 середина года'!$A:$A,0),MATCH(K$1,'WPP 2024 середина года'!$B$1:$U$1,0))/(1000*INDEX('SALA 2002'!$B:$U,MATCH($A13,'SALA 2002'!$A:$A,0),MATCH(K$1,'SALA 2002'!$B$1:$U$1,0))),($A13-1994)/7),INDEX('WPP 2024 середина года'!$B:$U,MATCH($A13,'WPP 2024 середина года'!$A:$A,0),MATCH(K$1,'WPP 2024 середина года'!$B$1:$U$1,0))))) -> 1003 | L13: =IF($A13<=1951,INDEX('SALA 1974'!$B:$U,MATCH($A13,'SALA 1974'!$A:$A,0),MATCH(L$1,'SALA 1974'!$B$1:$U$1,0)),IF($A13<=1994,1000*INDEX('SALA 2002'!$B:$U,MATCH($A13,'SALA 2002'!$A:$A,0),MATCH(L$1,'SALA 2002'!$B$1:$U$1,0)),IF($A13<=2000,1000*INDEX('SALA 2002'!$B:$U,MATCH($A13,'SALA 2002'!$A:$A,0),MATCH(L$1,'SALA 2002'!$B$1:$U$1,0))*POWER(INDEX('WPP 2024 середина года'!$B:$U,MATCH($A13,'WPP 2024 середина года'!$A:$A,0),MATCH(L$1,'WPP 2024 середина года'!$B$1:$U$1,0))/(1000*INDEX('SALA 2002'!$B:$U,MATCH($A13,'SALA 2002'!$A:$A,0),MATCH(L$1,'SALA 2002'!$B$1:$U$1,0))),($A13-1994)/7),INDEX('WPP 2024 середина года'!$B:$U,MATCH($A13,'WPP 2024 середина года'!$A:$A,0),MATCH(L$1,'WPP 2024 середина года'!$B$1:$U$1,0))))) -> 1119 | M13: =IF($A13<=1951,INDEX('SALA 1974'!$B:$U,MATCH($A13,'SALA 1974'!$A:$A,0),MATCH(M$1,'SALA 1974'!$B$1:$U$1,0)),IF($A13<=1994,1000*INDEX('SALA 2002'!$B:$U,MATCH($A13,'SALA 2002'!$A:$A,0),MATCH(M$1,'SALA 2002'!$B$1:$U$1,0)),IF($A13<=2000,1000*INDEX('SALA 2002'!$B:$U,MATCH($A13,'SALA 2002'!$A:$A,0),MATCH(M$1,'SALA 2002'!$B$1:$U$1,0))*POWER(INDEX('WPP 2024 середина года'!$B:$U,MATCH($A13,'WPP 2024 середина года'!$A:$A,0),MATCH(M$1,'WPP 2024 середина года'!$B$1:$U$1,0))/(1000*INDEX('SALA 2002'!$B:$U,MATCH($A13,'SALA 2002'!$A:$A,0),MATCH(M$1,'SALA 2002'!$B$1:$U$1,0))),($A13-1994)/7),INDEX('WPP 2024 середина года'!$B:$U,MATCH($A13,'WPP 2024 середина года'!$A:$A,0),MATCH(M$1,'WPP 2024 середина года'!$B$1:$U$1,0))))) -> 1730 | N13: =IF($A13<=1951,INDEX('SALA 1974'!$B:$U,MATCH($A13,'SALA 1974'!$A:$A,0),MATCH(N$1,'SALA 1974'!$B$1:$U$1,0)),IF($A13<=1994,1000*INDEX('SALA 2002'!$B:$U,MATCH($A13,'SALA 2002'!$A:$A,0),MATCH(N$1,'SALA 2002'!$B$1:$U$1,0)),IF($A13<=2000,1000*INDEX('SALA 2002'!$B:$U,MATCH($A13,'SALA 2002'!$A:$A,0),MATCH(N$1,'SALA 2002'!$B$1:$U$1,0))*POWER(INDEX('WPP 2024 середина года'!$B:$U,MATCH($A13,'WPP 2024 середина года'!$A:$A,0),MATCH(N$1,'WPP 2024 середина года'!$B$1:$U$1,0))/(1000*INDEX('SALA 2002'!$B:$U,MATCH($A13,'SALA 2002'!$A:$A,0),MATCH(N$1,'SALA 2002'!$B$1:$U$1,0))),($A13-1994)/7),INDEX('WPP 2024 середина года'!$B:$U,MATCH($A13,'WPP 2024 середина года'!$A:$A,0),MATCH(N$1,'WPP 2024 середина года'!$B$1:$U$1,0))))) -> 562 | ... U13: =IF($A13<=1951,INDEX('SALA 1974'!$B:$U,MATCH($A13,'SALA 1974'!$A:$A,0),MATCH(U$1,'SALA 1974'!$B$1:$U$1,0)),IF($A13<=1994,1000*INDEX('SALA 2002'!$B:$U,MATCH($A13,'SALA 2002'!$A:$A,0),MATCH(U$1,'SALA 2002'!$B$1:$U$1,0)),IF($A13<=2000,1000*INDEX('SALA 2002'!$B:$U,MATCH($A13,'SALA 2002'!$A:$A,0),MATCH(U$1,'SALA 2002'!$B$1:$U$1,0))*POWER(INDEX('WPP 2024 середина года'!$B:$U,MATCH($A13,'WPP 2024 середина года'!$A:$A,0),MATCH(U$1,'WPP 2024 середина года'!$B$1:$U$1,0))/(1000*INDEX('SALA 2002'!$B:$U,MATCH($A13,'SALA 2002'!$A:$A,0),MATCH(U$1,'SALA 2002'!$B$1:$U$1,0))),($A13-1994)/7),INDEX('WPP 2024 середина года'!$B:$U,MATCH($A13,'WPP 2024 середина года'!$A:$A,0),MATCH(U$1,'WPP 2024 середина года'!$B$1:$U$1,0))))) -> 2612
A14: =A13+1 -> 1912 | B14: =IF($A14<=1951,INDEX('SALA 1974'!$B:$U,MATCH($A14,'SALA 1974'!$A:$A,0),MATCH(B$1,'SALA 1974'!$B$1:$U$1,0)),IF($A14<=1994,1000*INDEX('SALA 2002'!$B:$U,MATCH($A14,'SALA 2002'!$A:$A,0),MATCH(B$1,'SALA 2002'!$B$1:$U$1,0)),IF($A14<=2000,1000*INDEX('SALA 2002'!$B:$U,MATCH($A14,'SALA 2002'!$A:$A,0),MATCH(B$1,'SALA 2002'!$B$1:$U$1,0))*POWER(INDEX('WPP 2024 середина года'!$B:$U,MATCH($A14,'WPP 2024 середина года'!$A:$A,0),MATCH(B$1,'WPP 2024 середина года'!$B$1:$U$1,0))/(1000*INDEX('SALA 2002'!$B:$U,MATCH($A14,'SALA 2002'!$A:$A,0),MATCH(B$1,'SALA 2002'!$B$1:$U$1,0))),($A14-1994)/7),INDEX('WPP 2024 середина года'!$B:$U,MATCH($A14,'WPP 2024 середина года'!$A:$A,0),MATCH(B$1,'WPP 2024 середина года'!$B$1:$U$1,0))))) -> 7467 | C14: =IF($A14<=1951,INDEX('SALA 1974'!$B:$U,MATCH($A14,'SALA 1974'!$A:$A,0),MATCH(C$1,'SALA 1974'!$B$1:$U$1,0)),IF($A14<=1994,1000*INDEX('SALA 2002'!$B:$U,MATCH($A14,'SALA 2002'!$A:$A,0),MATCH(C$1,'SALA 2002'!$B$1:$U$1,0)),IF($A14<=2000,1000*INDEX('SALA 2002'!$B:$U,MATCH($A14,'SALA 2002'!$A:$A,0),MATCH(C$1,'SALA 2002'!$B$1:$U$1,0))*POWER(INDEX('WPP 2024 середина года'!$B:$U,MATCH($A14,'WPP 2024 середина года'!$A:$A,0),MATCH(C$1,'WPP 2024 середина года'!$B$1:$U$1,0))/(1000*INDEX('SALA 2002'!$B:$U,MATCH($A14,'SALA 2002'!$A:$A,0),MATCH(C$1,'SALA 2002'!$B$1:$U$1,0))),($A14-1994)/7),INDEX('WPP 2024 середина года'!$B:$U,MATCH($A14,'WPP 2024 середина года'!$A:$A,0),MATCH(C$1,'WPP 2024 середина года'!$B$1:$U$1,0))))) -> 1988 | D14: =IF($A14<=1951,INDEX('SALA 1974'!$B:$U,MATCH($A14,'SALA 1974'!$A:$A,0),MATCH(D$1,'SALA 1974'!$B$1:$U$1,0)),IF($A14<=1994,1000*INDEX('SALA 2002'!$B:$U,MATCH($A14,'SALA 2002'!$A:$A,0),MATCH(D$1,'SALA 2002'!$B$1:$U$1,0)),IF($A14<=2000,1000*INDEX('SALA 2002'!$B:$U,MATCH($A14,'SALA 2002'!$A:$A,0),MATCH(D$1,'SALA 2002'!$B$1:$U$1,0))*POWER(INDEX('WPP 2024 середина года'!$B:$U,MATCH($A14,'WPP 2024 середина года'!$A:$A,0),MATCH(D$1,'WPP 2024 середина года'!$B$1:$U$1,0))/(1000*INDEX('SALA 2002'!$B:$U,MATCH($A14,'SALA 2002'!$A:$A,0),MATCH(D$1,'SALA 2002'!$B$1:$U$1,0))),($A14-1994)/7),INDEX('WPP 2024 середина года'!$B:$U,MATCH($A14,'WPP 2024 середина года'!$A:$A,0),MATCH(D$1,'WPP 2024 середина года'!$B$1:$U$1,0))))) -> 23168 | E14: =IF($A14<=1951,INDEX('SALA 1974'!$B:$U,MATCH($A14,'SALA 1974'!$A:$A,0),MATCH(E$1,'SALA 1974'!$B$1:$U$1,0)),IF($A14<=1994,1000*INDEX('SALA 2002'!$B:$U,MATCH($A14,'SALA 2002'!$A:$A,0),MATCH(E$1,'SALA 2002'!$B$1:$U$1,0)),IF($A14<=2000,1000*INDEX('SALA 2002'!$B:$U,MATCH($A14,'SALA 2002'!$A:$A,0),MATCH(E$1,'SALA 2002'!$B$1:$U$1,0))*POWER(INDEX('WPP 2024 середина года'!$B:$U,MATCH($A14,'WPP 2024 середина года'!$A:$A,0),MATCH(E$1,'WPP 2024 середина года'!$B$1:$U$1,0))/(1000*INDEX('SALA 2002'!$B:$U,MATCH($A14,'SALA 2002'!$A:$A,0),MATCH(E$1,'SALA 2002'!$B$1:$U$1,0))),($A14-1994)/7),INDEX('WPP 2024 середина года'!$B:$U,MATCH($A14,'WPP 2024 середина года'!$A:$A,0),MATCH(E$1,'WPP 2024 середина года'!$B$1:$U$1,0))))) -> 3421 | F14: =IF($A14<=1947,INDEX('SALA 1974'!$B:$U,MATCH($A14,'SALA 1974'!$A:$A,0),MATCH(F$1,'SALA 1974'!$B$1:$U$1,0)),IF($A14<=1994,1000*INDEX('SALA 2002'!$B:$U,MATCH($A14,'SALA 2002'!$A:$A,0),MATCH(F$1,'SALA 2002'!$B$1:$U$1,0)),IF($A14<=2000,1000*INDEX('SALA 2002'!$B:$U,MATCH($A14,'SALA 2002'!$A:$A,0),MATCH(F$1,'SALA 2002'!$B$1:$U$1,0))*POWER(INDEX('WPP 2024 середина года'!$B:$U,MATCH($A14,'WPP 2024 середина года'!$A:$A,0),MATCH(F$1,'WPP 2024 середина года'!$B$1:$U$1,0))/(1000*INDEX('SALA 2002'!$B:$U,MATCH($A14,'SALA 2002'!$A:$A,0),MATCH(F$1,'SALA 2002'!$B$1:$U$1,0))),($A14-1994)/7),INDEX('WPP 2024 середина года'!$B:$U,MATCH($A14,'WPP 2024 середина года'!$A:$A,0),MATCH(F$1,'WPP 2024 середина года'!$B$1:$U$1,0))))) -> 5072 | G14: =IF($A14<=1951,INDEX('SALA 1974'!$B:$U,MATCH($A14,'SALA 1974'!$A:$A,0),MATCH(G$1,'SALA 1974'!$B$1:$U$1,0)),IF($A14<=1994,1000*INDEX('SALA 2002'!$B:$U,MATCH($A14,'SALA 2002'!$A:$A,0),MATCH(G$1,'SALA 2002'!$B$1:$U$1,0)),IF($A14<=2000,1000*INDEX('SALA 2002'!$B:$U,MATCH($A14,'SALA 2002'!$A:$A,0),MATCH(G$1,'SALA 2002'!$B$1:$U$1,0))*POWER(INDEX('WPP 2024 середина года'!$B:$U,MATCH($A14,'WPP 2024 середина года'!$A:$A,0),MATCH(G$1,'WPP 2024 середина года'!$B$1:$U$1,0))/(1000*INDEX('SALA 2002'!$B:$U,MATCH($A14,'SALA 2002'!$A:$A,0),MATCH(G$1,'SALA 2002'!$B$1:$U$1,0))),($A14-1994)/7),INDEX('WPP 2024 середина года'!$B:$U,MATCH($A14,'WPP 2024 середина года'!$A:$A,0),MATCH(G$1,'WPP 2024 середина года'!$B$1:$U$1,0))))) -> 375 | H14: =IF($A14<=1951,INDEX('SALA 1974'!$B:$U,MATCH($A14,'SALA 1974'!$A:$A,0),MATCH(H$1,'SALA 1974'!$B$1:$U$1,0)),IF($A14<=1994,1000*INDEX('SALA 2002'!$B:$U,MATCH($A14,'SALA 2002'!$A:$A,0),MATCH(H$1,'SALA 2002'!$B$1:$U$1,0)),IF($A14<=2000,1000*INDEX('SALA 2002'!$B:$U,MATCH($A14,'SALA 2002'!$A:$A,0),MATCH(H$1,'SALA 2002'!$B$1:$U$1,0))*POWER(INDEX('WPP 2024 середина года'!$B:$U,MATCH($A14,'WPP 2024 середина года'!$A:$A,0),MATCH(H$1,'WPP 2024 середина года'!$B$1:$U$1,0))/(1000*INDEX('SALA 2002'!$B:$U,MATCH($A14,'SALA 2002'!$A:$A,0),MATCH(H$1,'SALA 2002'!$B$1:$U$1,0))),($A14-1994)/7),INDEX('WPP 2024 середина года'!$B:$U,MATCH($A14,'WPP 2024 середина года'!$A:$A,0),MATCH(H$1,'WPP 2024 середина года'!$B$1:$U$1,0))))) -> 2358 | I14: =IF($A14<=1951,INDEX('SALA 1974'!$B:$U,MATCH($A14,'SALA 1974'!$A:$A,0),MATCH(I$1,'SALA 1974'!$B$1:$U$1,0)),IF($A14<=1994,1000*INDEX('SALA 2002'!$B:$U,MATCH($A14,'SALA 2002'!$A:$A,0),MATCH(I$1,'SALA 2002'!$B$1:$U$1,0)),IF($A14<=2000,1000*INDEX('SALA 2002'!$B:$U,MATCH($A14,'SALA 2002'!$A:$A,0),MATCH(I$1,'SALA 2002'!$B$1:$U$1,0))*POWER(INDEX('WPP 2024 середина года'!$B:$U,MATCH($A14,'WPP 2024 середина года'!$A:$A,0),MATCH(I$1,'WPP 2024 середина года'!$B$1:$U$1,0))/(1000*INDEX('SALA 2002'!$B:$U,MATCH($A14,'SALA 2002'!$A:$A,0),MATCH(I$1,'SALA 2002'!$B$1:$U$1,0))),($A14-1994)/7),INDEX('WPP 2024 середина года'!$B:$U,MATCH($A14,'WPP 2024 середина года'!$A:$A,0),MATCH(I$1,'WPP 2024 середина года'!$B$1:$U$1,0))))) -> 767 | J14: =IF($A14<=1951,INDEX('SALA 1974'!$B:$U,MATCH($A14,'SALA 1974'!$A:$A,0),MATCH(J$1,'SALA 1974'!$B$1:$U$1,0)),IF($A14<=1994,1000*INDEX('SALA 2002'!$B:$U,MATCH($A14,'SALA 2002'!$A:$A,0),MATCH(J$1,'SALA 2002'!$B$1:$U$1,0)),IF($A14<=2000,1000*INDEX('SALA 2002'!$B:$U,MATCH($A14,'SALA 2002'!$A:$A,0),MATCH(J$1,'SALA 2002'!$B$1:$U$1,0))*POWER(INDEX('WPP 2024 середина года'!$B:$U,MATCH($A14,'WPP 2024 середина года'!$A:$A,0),MATCH(J$1,'WPP 2024 середина года'!$B$1:$U$1,0))/(1000*INDEX('SALA 2002'!$B:$U,MATCH($A14,'SALA 2002'!$A:$A,0),MATCH(J$1,'SALA 2002'!$B$1:$U$1,0))),($A14-1994)/7),INDEX('WPP 2024 середина года'!$B:$U,MATCH($A14,'WPP 2024 середина года'!$A:$A,0),MATCH(J$1,'WPP 2024 середина года'!$B$1:$U$1,0))))) -> 1445 | K14: =IF($A14<=1951,INDEX('SALA 1974'!$B:$U,MATCH($A14,'SALA 1974'!$A:$A,0),MATCH(K$1,'SALA 1974'!$B$1:$U$1,0)),IF($A14<=1994,1000*INDEX('SALA 2002'!$B:$U,MATCH($A14,'SALA 2002'!$A:$A,0),MATCH(K$1,'SALA 2002'!$B$1:$U$1,0)),IF($A14<=2000,1000*INDEX('SALA 2002'!$B:$U,MATCH($A14,'SALA 2002'!$A:$A,0),MATCH(K$1,'SALA 2002'!$B$1:$U$1,0))*POWER(INDEX('WPP 2024 середина года'!$B:$U,MATCH($A14,'WPP 2024 середина года'!$A:$A,0),MATCH(K$1,'WPP 2024 середина года'!$B$1:$U$1,0))/(1000*INDEX('SALA 2002'!$B:$U,MATCH($A14,'SALA 2002'!$A:$A,0),MATCH(K$1,'SALA 2002'!$B$1:$U$1,0))),($A14-1994)/7),INDEX('WPP 2024 середина года'!$B:$U,MATCH($A14,'WPP 2024 середина года'!$A:$A,0),MATCH(K$1,'WPP 2024 середина года'!$B$1:$U$1,0))))) -> 1021 | L14: =IF($A14<=1951,INDEX('SALA 1974'!$B:$U,MATCH($A14,'SALA 1974'!$A:$A,0),MATCH(L$1,'SALA 1974'!$B$1:$U$1,0)),IF($A14<=1994,1000*INDEX('SALA 2002'!$B:$U,MATCH($A14,'SALA 2002'!$A:$A,0),MATCH(L$1,'SALA 2002'!$B$1:$U$1,0)),IF($A14<=2000,1000*INDEX('SALA 2002'!$B:$U,MATCH($A14,'SALA 2002'!$A:$A,0),MATCH(L$1,'SALA 2002'!$B$1:$U$1,0))*POWER(INDEX('WPP 2024 середина года'!$B:$U,MATCH($A14,'WPP 2024 середина года'!$A:$A,0),MATCH(L$1,'WPP 2024 середина года'!$B$1:$U$1,0))/(1000*INDEX('SALA 2002'!$B:$U,MATCH($A14,'SALA 2002'!$A:$A,0),MATCH(L$1,'SALA 2002'!$B$1:$U$1,0))),($A14-1994)/7),INDEX('WPP 2024 середина года'!$B:$U,MATCH($A14,'WPP 2024 середина года'!$A:$A,0),MATCH(L$1,'WPP 2024 середина года'!$B$1:$U$1,0))))) -> 1142 | M14: =IF($A14<=1951,INDEX('SALA 1974'!$B:$U,MATCH($A14,'SALA 1974'!$A:$A,0),MATCH(M$1,'SALA 1974'!$B$1:$U$1,0)),IF($A14<=1994,1000*INDEX('SALA 2002'!$B:$U,MATCH($A14,'SALA 2002'!$A:$A,0),MATCH(M$1,'SALA 2002'!$B$1:$U$1,0)),IF($A14<=2000,1000*INDEX('SALA 2002'!$B:$U,MATCH($A14,'SALA 2002'!$A:$A,0),MATCH(M$1,'SALA 2002'!$B$1:$U$1,0))*POWER(INDEX('WPP 2024 середина года'!$B:$U,MATCH($A14,'WPP 2024 середина года'!$A:$A,0),MATCH(M$1,'WPP 2024 середина года'!$B$1:$U$1,0))/(1000*INDEX('SALA 2002'!$B:$U,MATCH($A14,'SALA 2002'!$A:$A,0),MATCH(M$1,'SALA 2002'!$B$1:$U$1,0))),($A14-1994)/7),INDEX('WPP 2024 середина года'!$B:$U,MATCH($A14,'WPP 2024 середина года'!$A:$A,0),MATCH(M$1,'WPP 2024 середина года'!$B$1:$U$1,0))))) -> 1774 | N14: =IF($A14<=1951,INDEX('SALA 1974'!$B:$U,MATCH($A14,'SALA 1974'!$A:$A,0),MATCH(N$1,'SALA 1974'!$B$1:$U$1,0)),IF($A14<=1994,1000*INDEX('SALA 2002'!$B:$U,MATCH($A14,'SALA 2002'!$A:$A,0),MATCH(N$1,'SALA 2002'!$B$1:$U$1,0)),IF($A14<=2000,1000*INDEX('SALA 2002'!$B:$U,MATCH($A14,'SALA 2002'!$A:$A,0),MATCH(N$1,'SALA 2002'!$B$1:$U$1,0))*POWER(INDEX('WPP 2024 середина года'!$B:$U,MATCH($A14,'WPP 2024 середина года'!$A:$A,0),MATCH(N$1,'WPP 2024 середина года'!$B$1:$U$1,0))/(1000*INDEX('SALA 2002'!$B:$U,MATCH($A14,'SALA 2002'!$A:$A,0),MATCH(N$1,'SALA 2002'!$B$1:$U$1,0))),($A14-1994)/7),INDEX('WPP 2024 середина года'!$B:$U,MATCH($A14,'WPP 2024 середина года'!$A:$A,0),MATCH(N$1,'WPP 2024 середина года'!$B$1:$U$1,0))))) -> 571 | ... U14: =IF($A14<=1951,INDEX('SALA 1974'!$B:$U,MATCH($A14,'SALA 1974'!$A:$A,0),MATCH(U$1,'SALA 1974'!$B$1:$U$1,0)),IF($A14<=1994,1000*INDEX('SALA 2002'!$B:$U,MATCH($A14,'SALA 2002'!$A:$A,0),MATCH(U$1,'SALA 2002'!$B$1:$U$1,0)),IF($A14<=2000,1000*INDEX('SALA 2002'!$B:$U,MATCH($A14,'SALA 2002'!$A:$A,0),MATCH(U$1,'SALA 2002'!$B$1:$U$1,0))*POWER(INDEX('WPP 2024 середина года'!$B:$U,MATCH($A14,'WPP 2024 середина года'!$A:$A,0),MATCH(U$1,'WPP 2024 середина года'!$B$1:$U$1,0))/(1000*INDEX('SALA 2002'!$B:$U,MATCH($A14,'SALA 2002'!$A:$A,0),MATCH(U$1,'SALA 2002'!$B$1:$U$1,0))),($A14-1994)/7),INDEX('WPP 2024 середина года'!$B:$U,MATCH($A14,'WPP 2024 середина года'!$A:$A,0),MATCH(U$1,'WPP 2024 середина года'!$B$1:$U$1,0))))) -> 2639
... A125: =A124+1 -> 2023 | B125: =IF($A125<=1951,INDEX('SALA 1974'!$B:$U,MATCH($A125,'SALA 1974'!$A:$A,0),MATCH(B$1,'SALA 1974'!$B$1:$U$1,0)),IF($A125<=1994,1000*INDEX('SALA 2002'!$B:$U,MATCH($A125,'SALA 2002'!$A:$A,0),MATCH(B$1,'SALA 2002'!$B$1:$U$1,0)),IF($A125<=2000,1000*INDEX('SALA 2002'!$B:$U,MATCH($A125,'SALA 2002'!$A:$A,0),MATCH(B$1,'SALA 2002'!$B$1:$U$1,0))*POWER(INDEX('WPP 2024 середина года'!$B:$U,MATCH($A125,'WPP 2024 середина года'!$A:$A,0),MATCH(B$1,'WPP 2024 середина года'!$B$1:$U$1,0))/(1000*INDEX('SALA 2002'!$B:$U,MATCH($A125,'SALA 2002'!$A:$A,0),MATCH(B$1,'SALA 2002'!$B$1:$U$1,0))),($A125-1994)/7),INDEX('WPP 2024 середина года'!$B:$U,MATCH($A125,'WPP 2024 середина года'!$A:$A,0),MATCH(B$1,'WPP 2024 середина года'!$B$1:$U$1,0))))) -> 45538.4 | C125: =IF($A125<=1951,INDEX('SALA 1974'!$B:$U,MATCH($A125,'SALA 1974'!$A:$A,0),MATCH(C$1,'SALA 1974'!$B$1:$U$1,0)),IF($A125<=1994,1000*INDEX('SALA 2002'!$B:$U,MATCH($A125,'SALA 2002'!$A:$A,0),MATCH(C$1,'SALA 2002'!$B$1:$U$1,0)),IF($A125<=2000,1000*INDEX('SALA 2002'!$B:$U,MATCH($A125,'SALA 2002'!$A:$A,0),MATCH(C$1,'SALA 2002'!$B$1:$U$1,0))*POWER(INDEX('WPP 2024 середина года'!$B:$U,MATCH($A125,'WPP 2024 середина года'!$A:$A,0),MATCH(C$1,'WPP 2024 середина года'!$B$1:$U$1,0))/(1000*INDEX('SALA 2002'!$B:$U,MATCH($A125,'SALA 2002'!$A:$A,0),MATCH(C$1,'SALA 2002'!$B$1:$U$1,0))),($A125-1994)/7),INDEX('WPP 2024 середина года'!$B:$U,MATCH($A125,'WPP 2024 середина года'!$A:$A,0),MATCH(C$1,'WPP 2024 середина года'!$B$1:$U$1,0))))) -> 12244.2 | D125: =IF($A125<=1951,INDEX('SALA 1974'!$B:$U,MATCH($A125,'SALA 1974'!$A:$A,0),MATCH(D$1,'SALA 1974'!$B$1:$U$1,0)),IF($A125<=1994,1000*INDEX('SALA 2002'!$B:$U,MATCH($A125,'SALA 2002'!$A:$A,0),MATCH(D$1,'SALA 2002'!$B$1:$U$1,0)),IF($A125<=2000,1000*INDEX('SALA 2002'!$B:$U,MATCH($A125,'SALA 2002'!$A:$A,0),MATCH(D$1,'SALA 2002'!$B$1:$U$1,0))*POWER(INDEX('WPP 2024 середина года'!$B:$U,MATCH($A125,'WPP 2024 середина года'!$A:$A,0),MATCH(D$1,'WPP 2024 середина года'!$B$1:$U$1,0))/(1000*INDEX('SALA 2002'!$B:$U,MATCH($A125,'SALA 2002'!$A:$A,0),MATCH(D$1,'SALA 2002'!$B$1:$U$1,0))),($A125-1994)/7),INDEX('WPP 2024 середина года'!$B:$U,MATCH($A125,'WPP 2024 середина года'!$A:$A,0),MATCH(D$1,'WPP 2024 середина года'!$B$1:$U$1,0))))) -> 211140.7 | E125: =IF($A125<=1951,INDEX('SALA 1974'!$B:$U,MATCH($A125,'SALA 1974'!$A:$A,0),MATCH(E$1,'SALA 1974'!$B$1:$U$1,0)),IF($A125<=1994,1000*INDEX('SALA 2002'!$B:$U,MATCH($A125,'SALA 2002'!$A:$A,0),MATCH(E$1,'SALA 2002'!$B$1:$U$1,0)),IF($A125<=2000,1000*INDEX('SALA 2002'!$B:$U,MATCH($A125,'SALA 2002'!$A:$A,0),MATCH(E$1,'SALA 2002'!$B$1:$U$1,0))*POWER(INDEX('WPP 2024 середина года'!$B:$U,MATCH($A125,'WPP 2024 середина года'!$A:$A,0),MATCH(E$1,'WPP 2024 середина года'!$B$1:$U$1,0))/(1000*INDEX('SALA 2002'!$B:$U,MATCH($A125,'SALA 2002'!$A:$A,0),MATCH(E$1,'SALA 2002'!$B$1:$U$1,0))),($A125-1994)/7),INDEX('WPP 2024 середина года'!$B:$U,MATCH($A125,'WPP 2024 середина года'!$A:$A,0),MATCH(E$1,'WPP 2024 середина года'!$B$1:$U$1,0))))) -> 19658.8 | F125: =IF($A125<=1947,INDEX('SALA 1974'!$B:$U,MATCH($A125,'SALA 1974'!$A:$A,0),MATCH(F$1,'SALA 1974'!$B$1:$U$1,0)),IF($A125<=1994,1000*INDEX('SALA 2002'!$B:$U,MATCH($A125,'SALA 2002'!$A:$A,0),MATCH(F$1,'SALA 2002'!$B$1:$U$1,0)),IF($A125<=2000,1000*INDEX('SALA 2002'!$B:$U,MATCH($A125,'SALA 2002'!$A:$A,0),MATCH(F$1,'SALA 2002'!$B$1:$U$1,0))*POWER(INDEX('WPP 2024 середина года'!$B:$U,MATCH($A125,'WPP 2024 середина года'!$A:$A,0),MATCH(F$1,'WPP 2024 середина года'!$B$1:$U$1,0))/(1000*INDEX('SALA 2002'!$B:$U,MATCH($A125,'SALA 2002'!$A:$A,0),MATCH(F$1,'SALA 2002'!$B$1:$U$1,0))),($A125-1994)/7),INDEX('WPP 2024 середина года'!$B:$U,MATCH($A125,'WPP 2024 середина года'!$A:$A,0),MATCH(F$1,'WPP 2024 середина года'!$B$1:$U$1,0))))) -> 52321.2 | G125: =IF($A125<=1951,INDEX('SALA 1974'!$B:$U,MATCH($A125,'SALA 1974'!$A:$A,0),MATCH(G$1,'SALA 1974'!$B$1:$U$1,0)),IF($A125<=1994,1000*INDEX('SALA 2002'!$B:$U,MATCH($A125,'SALA 2002'!$A:$A,0),MATCH(G$1,'SALA 2002'!$B$1:$U$1,0)),IF($A125<=2000,1000*INDEX('SALA 2002'!$B:$U,MATCH($A125,'SALA 2002'!$A:$A,0),MATCH(G$1,'SALA 2002'!$B$1:$U$1,0))*POWER(INDEX('WPP 2024 середина года'!$B:$U,MATCH($A125,'WPP 2024 середина года'!$A:$A,0),MATCH(G$1,'WPP 2024 середина года'!$B$1:$U$1,0))/(1000*INDEX('SALA 2002'!$B:$U,MATCH($A125,'SALA 2002'!$A:$A,0),MATCH(G$1,'SALA 2002'!$B$1:$U$1,0))),($A125-1994)/7),INDEX('WPP 2024 середина года'!$B:$U,MATCH($A125,'WPP 2024 середина года'!$A:$A,0),MATCH(G$1,'WPP 2024 середина года'!$B$1:$U$1,0))))) -> 5105.5 | H125: =IF($A125<=1951,INDEX('SALA 1974'!$B:$U,MATCH($A125,'SALA 1974'!$A:$A,0),MATCH(H$1,'SALA 1974'!$B$1:$U$1,0)),IF($A125<=1994,1000*INDEX('SALA 2002'!$B:$U,MATCH($A125,'SALA 2002'!$A:$A,0),MATCH(H$1,'SALA 2002'!$B$1:$U$1,0)),IF($A125<=2000,1000*INDEX('SALA 2002'!$B:$U,MATCH($A125,'SALA 2002'!$A:$A,0),MATCH(H$1,'SALA 2002'!$B$1:$U$1,0))*POWER(INDEX('WPP 2024 середина года'!$B:$U,MATCH($A125,'WPP 2024 середина года'!$A:$A,0),MATCH(H$1,'WPP 2024 середина года'!$B$1:$U$1,0))/(1000*INDEX('SALA 2002'!$B:$U,MATCH($A125,'SALA 2002'!$A:$A,0),MATCH(H$1,'SALA 2002'!$B$1:$U$1,0))),($A125-1994)/7),INDEX('WPP 2024 середина года'!$B:$U,MATCH($A125,'WPP 2024 середина года'!$A:$A,0),MATCH(H$1,'WPP 2024 середина года'!$B$1:$U$1,0))))) -> 11019.9 | I125: =IF($A125<=1951,INDEX('SALA 1974'!$B:$U,MATCH($A125,'SALA 1974'!$A:$A,0),MATCH(I$1,'SALA 1974'!$B$1:$U$1,0)),IF($A125<=1994,1000*INDEX('SALA 2002'!$B:$U,MATCH($A125,'SALA 2002'!$A:$A,0),MATCH(I$1,'SALA 2002'!$B$1:$U$1,0)),IF($A125<=2000,1000*INDEX('SALA 2002'!$B:$U,MATCH($A125,'SALA 2002'!$A:$A,0),MATCH(I$1,'SALA 2002'!$B$1:$U$1,0))*POWER(INDEX('WPP 2024 середина года'!$B:$U,MATCH($A125,'WPP 2024 середина года'!$A:$A,0),MATCH(I$1,'WPP 2024 середина года'!$B$1:$U$1,0))/(1000*INDEX('SALA 2002'!$B:$U,MATCH($A125,'SALA 2002'!$A:$A,0),MATCH(I$1,'SALA 2002'!$B$1:$U$1,0))),($A125-1994)/7),INDEX('WPP 2024 середина года'!$B:$U,MATCH($A125,'WPP 2024 середина года'!$A:$A,0),MATCH(I$1,'WPP 2024 середина года'!$B$1:$U$1,0))))) -> 11331.3 | J125: =IF($A125<=1951,INDEX('SALA 1974'!$B:$U,MATCH($A125,'SALA 1974'!$A:$A,0),MATCH(J$1,'SALA 1974'!$B$1:$U$1,0)),IF($A125<=1994,1000*INDEX('SALA 2002'!$B:$U,MATCH($A125,'SALA 2002'!$A:$A,0),MATCH(J$1,'SALA 2002'!$B$1:$U$1,0)),IF($A125<=2000,1000*INDEX('SALA 2002'!$B:$U,MATCH($A125,'SALA 2002'!$A:$A,0),MATCH(J$1,'SALA 2002'!$B$1:$U$1,0))*POWER(INDEX('WPP 2024 середина года'!$B:$U,MATCH($A125,'WPP 2024 середина года'!$A:$A,0),MATCH(J$1,'WPP 2024 середина года'!$B$1:$U$1,0))/(1000*INDEX('SALA 2002'!$B:$U,MATCH($A125,'SALA 2002'!$A:$A,0),MATCH(J$1,'SALA 2002'!$B$1:$U$1,0))),($A125-1994)/7),INDEX('WPP 2024 середина года'!$B:$U,MATCH($A125,'WPP 2024 середина года'!$A:$A,0),MATCH(J$1,'WPP 2024 середина года'!$B$1:$U$1,0))))) -> 17980.1 | K125: =IF($A125<=1951,INDEX('SALA 1974'!$B:$U,MATCH($A125,'SALA 1974'!$A:$A,0),MATCH(K$1,'SALA 1974'!$B$1:$U$1,0)),IF($A125<=1994,1000*INDEX('SALA 2002'!$B:$U,MATCH($A125,'SALA 2002'!$A:$A,0),MATCH(K$1,'SALA 2002'!$B$1:$U$1,0)),IF($A125<=2000,1000*INDEX('SALA 2002'!$B:$U,MATCH($A125,'SALA 2002'!$A:$A,0),MATCH(K$1,'SALA 2002'!$B$1:$U$1,0))*POWER(INDEX('WPP 2024 середина года'!$B:$U,MATCH($A125,'WPP 2024 середина года'!$A:$A,0),MATCH(K$1,'WPP 2024 середина года'!$B$1:$U$1,0))/(1000*INDEX('SALA 2002'!$B:$U,MATCH($A125,'SALA 2002'!$A:$A,0),MATCH(K$1,'SALA 2002'!$B$1:$U$1,0))),($A125-1994)/7),INDEX('WPP 2024 середина года'!$B:$U,MATCH($A125,'WPP 2024 середина года'!$A:$A,0),MATCH(K$1,'WPP 2024 середина года'!$B$1:$U$1,0))))) -> 6309.6 | L125: =IF($A125<=1951,INDEX('SALA 1974'!$B:$U,MATCH($A125,'SALA 1974'!$A:$A,0),MATCH(L$1,'SALA 1974'!$B$1:$U$1,0)),IF($A125<=1994,1000*INDEX('SALA 2002'!$B:$U,MATCH($A125,'SALA 2002'!$A:$A,0),MATCH(L$1,'SALA 2002'!$B$1:$U$1,0)),IF($A125<=2000,1000*INDEX('SALA 2002'!$B:$U,MATCH($A125,'SALA 2002'!$A:$A,0),MATCH(L$1,'SALA 2002'!$B$1:$U$1,0))*POWER(INDEX('WPP 2024 середина года'!$B:$U,MATCH($A125,'WPP 2024 середина года'!$A:$A,0),MATCH(L$1,'WPP 2024 середина года'!$B$1:$U$1,0))/(1000*INDEX('SALA 2002'!$B:$U,MATCH($A125,'SALA 2002'!$A:$A,0),MATCH(L$1,'SALA 2002'!$B$1:$U$1,0))),($A125-1994)/7),INDEX('WPP 2024 середина года'!$B:$U,MATCH($A125,'WPP 2024 середина года'!$A:$A,0),MATCH(L$1,'WPP 2024 середина года'!$B$1:$U$1,0))))) -> 18124.8 | M125: =IF($A125<=1951,INDEX('SALA 1974'!$B:$U,MATCH($A125,'SALA 1974'!$A:$A,0),MATCH(M$1,'SALA 1974'!$B$1:$U$1,0)),IF($A125<=1994,1000*INDEX('SALA 2002'!$B:$U,MATCH($A125,'SALA 2002'!$A:$A,0),MATCH(M$1,'SALA 2002'!$B$1:$U$1,0)),IF($A125<=2000,1000*INDEX('SALA 2002'!$B:$U,MATCH($A125,'SALA 2002'!$A:$A,0),MATCH(M$1,'SALA 2002'!$B$1:$U$1,0))*POWER(INDEX('WPP 2024 середина года'!$B:$U,MATCH($A125,'WPP 2024 середина года'!$A:$A,0),MATCH(M$1,'WPP 2024 середина года'!$B$1:$U$1,0))/(1000*INDEX('SALA 2002'!$B:$U,MATCH($A125,'SALA 2002'!$A:$A,0),MATCH(M$1,'SALA 2002'!$B$1:$U$1,0))),($A125-1994)/7),INDEX('WPP 2024 середина года'!$B:$U,MATCH($A125,'WPP 2024 середина года'!$A:$A,0),MATCH(M$1,'WPP 2024 середина года'!$B$1:$U$1,0))))) -> 11637.4 | N125: =IF($A125<=1951,INDEX('SALA 1974'!$B:$U,MATCH($A125,'SALA 1974'!$A:$A,0),MATCH(N$1,'SALA 1974'!$B$1:$U$1,0)),IF($A125<=1994,1000*INDEX('SALA 2002'!$B:$U,MATCH($A125,'SALA 2002'!$A:$A,0),MATCH(N$1,'SALA 2002'!$B$1:$U$1,0)),IF($A125<=2000,1000*INDEX('SALA 2002'!$B:$U,MATCH($A125,'SALA 2002'!$A:$A,0),MATCH(N$1,'SALA 2002'!$B$1:$U$1,0))*POWER(INDEX('WPP 2024 середина года'!$B:$U,MATCH($A125,'WPP 2024 середина года'!$A:$A,0),MATCH(N$1,'WPP 2024 середина года'!$B$1:$U$1,0))/(1000*INDEX('SALA 2002'!$B:$U,MATCH($A125,'SALA 2002'!$A:$A,0),MATCH(N$1,'SALA 2002'!$B$1:$U$1,0))),($A125-1994)/7),INDEX('WPP 2024 середина года'!$B:$U,MATCH($A125,'WPP 2024 середина года'!$A:$A,0),MATCH(N$1,'WPP 2024 середина года'!$B$1:$U$1,0))))) -> 10644.9 | ... U125: =IF($A125<=1951,INDEX('SALA 1974'!$B:$U,MATCH($A125,'SALA 1974'!$A:$A,0),MATCH(U$1,'SALA 1974'!$B$1:$U$1,0)),IF($A125<=1994,1000*INDEX('SALA 2002'!$B:$U,MATCH($A125,'SALA 2002'!$A:$A,0),MATCH(U$1,'SALA 2002'!$B$1:$U$1,0)),IF($A125<=2000,1000*INDEX('SALA 2002'!$B:$U,MATCH($A125,'SALA 2002'!$A:$A,0),MATCH(U$1,'SALA 2002'!$B$1:$U$1,0))*POWER(INDEX('WPP 2024 середина года'!$B:$U,MATCH($A125,'WPP 2024 середина года'!$A:$A,0),MATCH(U$1,'WPP 2024 середина года'!$B$1:$U$1,0))/(1000*INDEX('SALA 2002'!$B:$U,MATCH($A125,'SALA 2002'!$A:$A,0),MATCH(U$1,'SALA 2002'!$B$1:$U$1,0))),($A125-1994)/7),INDEX('WPP 2024 середина года'!$B:$U,MATCH($A125,'WPP 2024 середина года'!$A:$A,0),MATCH(U$1,'WPP 2024 середина года'!$B$1:$U$1,0))))) -> 28300.9

Sheet CEPAL
A1: год | B1: Аргентина | C1: Боливия | D1: Бразилия | E1: Чили | F1: Колумбия | G1: Коста-Рика | H1: Куба | I1: Доминиканская Республика | J1: Эквадор | K1: Эль-Сальвадор | L1: Гватемала | M1: Гаити | N1: Гондурас | O1: Мексика | P1: Никарагуа | Q1: Панама | R1: Парагвай | S1: Перу | T1: Уругвай | U1: Венесуэла | V1: Багамы | W1: Барбадос | X1: Гайана | Y1: Гваделупа | Z1: Мартиника | AA1: Пуэрто-Рико | AB1: Суринам | AC1: Тринидад и Тобаго | AD1: Французская Гвиана | AE1: Ямайка | AF1: Антигуа и Барбуда | AG1: Аруба | AH1: Белиз | AI1: Виргинские острова США | AJ1: Гренада | AK1: Кюрасао | AL1: Сент-Винсент и Гренадины | AM1: Сент-Люсия
A2: 1920 | B2: 8861 | C2: 1918 | D2: 27404 | E2: 3783 | F2: 6057 | G2: 421 | H2: 2950 | I2: 1140 | J2: 1898 | K2: 1168 | L2: 1450 | M2: 2124 | N2: 783 | O2: 14500 | P2: 639 | Q2: 429 | R2: 699 | S2: 4862 | T2: 1391 | U2: 2408 | V2: 55 | W2: 155 | X2: 295 | Y2: 150 | Z2: 165 | AA2: 1312 | AB2: 130 | AC2: 389 | AD2: 26 | AE2: 855
A3: 1925 | B3: 10358 | C3: 2022 | D3: 30332 | E3: 4084 | F3: 6669 | G3: 456 | H3: 3364 | I3: 1258 | J3: 2009 | K3: 1301 | L3: 1532 | M3: 2260 | N3: 862 | O3: 15204 | P3: 687 | Q3: 464 | R3: 785 | S3: 5229 | T3: 1540 | U3: 2650 | V3: 57 | W3: 156 | X3: 302 | Y3: 152 | Z3: 167 | AA3: 1431 | AB3: 154 | AC3: 390 | AD3: 28 | AE3: 922
A4: 1930 | B4: 11896 | C4: 2153 | D4: 33568 | E4: 4424 | F4: 7350 | G4: 499 | H4: 3837 | I4: 1400 | J4: 2160 | K4: 1443 | L4: 1771 | M4: 2422 | N4: 948 | O4: 16589 | P4: 742 | Q4: 502 | R4: 880 | S4: 5651 | T4: 1704 | U4: 2950 | V4: 61 | W4: 159 | X4: 309 | Y4: 160 | Z4: 175 | AA4: 1552 | AB4: 170 | AC4: 405 | AD4: 30 | AE4: 1009
A5: 1935 | B5: 13044 | C5: 2314 | D5: 37150 | E5: 4778 | F5: 8147 | G5: 551 | H5: 4221 | I5: 1567 | J5: 2352 | K5: 1531 | L5: 1996 | M5: 2610 | N5: 1027 | O5: 18089 | P5: 809 | Q5: 524 | R5: 988 | S5: 6134 | T5: 1836 | U5: 3300 | V5: 65 | W5: 168 | X5: 325 | Y5: 172 | Z5: 187 | AA5: 1710 | AB5: 181 | AC5: 451 | AD5: 30 | AE5: 1108
A6: 1940 | B6: 14169 | C6: 2508 | D6: 41233 | E6: 5147 | F6: 9077 | G6: 619 | H6: 4566 | I6: 1759 | J6: 2586 | K6: 1633 | L6: 2201 | M6: 2825 | N6: 1119 | O6: 19815 | P6: 893 | Q6: 595 | R6: 1111 | S6: 6681 | T6: 1947 | U6: 3710 | V6: 70 | W6: 179 | X6: 344 | Y6: 185 | Z6: 200 | AA6: 1880 | AB6: 193 | AC6: 510 | AD6: 30 | AE6: 1212
A7: 1945 | B7: 15390 | C7: 2740 | D7: 46126 | E7: 5556 | F7: 10202 | G7: 717 | H7: 4932 | I7: 2002 | J7: 2863 | K7: 1753 | L7: 2596 | M7: 3085 | N7: 1236 | O7: 22841 | P7: 999 | Q7: 694 | R7: 1213 | S7: 7285 | T7: 2060 | U7: 4335 | V7: 74 | W7: 194 | X7: 376 | Y7: 193 | Z7: 209 | AA7: 2072 | AB7: 200 | AC7: 566 | AD7: 30 | AE7: 1298
A8: 1950 | B8: 17038 | C8: 3082 | D8: 53975 | E8: 6599 | F8: 11982 | G8: 946 | H8: 5920 | I8: 2365 | J8: 3470 | K8: 2200 | L8: 3115 | M8: 3221 | N8: 1547 | O8: 27945 | P8: 1295 | Q8: 860 | R8: 1473 | S8: 7777 | T8: 2239 | U8: 5482 | V8: 79 | W8: 211 | X8: 407 | Y8: 210 | Z8: 222 | AA8: 2218 | AB8: 215 | AC8: 646 | AD8: 25 | AE8: 1403 | AF8: 46 | AG8: 38 | AH8: 69 | AI8: 27 | AJ8: 77 | AK8: 100 | AL8: 67 | AM8: 83
A9: 1955 | B9: 18789 | C9: 3331 | D9: 62534 | E9: 7323 | F9: 13775 | G9: 1110 | H9: 6539 | I9: 2781 | J9: 3957 | K9: 2433 | L9: 3625 | M9: 3514 | N9: 1771 | O9: 32351 | P9: 1508 | Q9: 981 | R9: 1674 | S9: 8858 | T9: 2373 | U9: 6745 | V9: 89 | W9: 227 | X9: 483 | Y9: 236 | Z9: 246 | AA9: 2196 | AB9: 249 | AC9: 740 | AD9: 28 | AE9: 1541 | AF9: 50 | AG9: 44 | AH9: 80 | AI9: 30 | AJ9: 81 | AK9: 117 | AL9: 74 | AM9: 86
A10: 1960 | B10: 20482 | C10: 3657 | D10: 72179 | E10: 8133 | F10: 16058 | G10: 1331 | H10: 7141 | I10: 3294 | J10: 4544 | K10: 2766 | L10: 4211 | M10: 3866 | N10: 2039 | O10: 37772 | P10: 1773 | Q10: 1133 | R10: 1904 | S10: 10155 | T10: 2539 | U10: 8142 | V10: 110 | W10: 231 | X10: 572 | Y10: 275 | Z10: 282 | AA10: 2295 | AB10: 288 | AC10: 848 | AD10: 32 | AE10: 1629 | AF10: 54 | AG10: 54 | AH10: 92 | AI10: 33 | AJ10: 90 | AK10: 127 | AL10: 81 | AM10: 90
A11: 1965 | B11: 22160 | C11: 4039 | D11: 83374 | E11: 8990 | F11: 18725 | G11: 1593 | H11: 7958 | I11: 3878 | J11: 5244 | K11: 3201 | L11: 4870 | M11: 4259 | N11: 2346 | O11: 44124 | P11: 2068 | Q11: 1315 | R11: 2172 | S11: 11711 | T11: 2695 | U11: 9692 | V11: 140 | W11: 235 | X11: 652 | Y11: 300 | Z11: 311 | AA11: 2508 | AB11: 329 | AC11: 912 | AD11: 39 | AE11: 1757 | AF11: 59 | AG11: 57 | AH11: 106 | AI11: 50 | AJ11: 95 | AK11: 134 | AL11: 86 | AM11: 96
A12: 1970 | B12: 23881 | C12: 4484 | D12: 95113 | E12: 9783 | F12: 21480 | G12: 1847 | H12: 8713 | I12: 4500 | J12: 6069 | K12: 3673 | L12: 5622 | M12: 4676 | N12: 2717 | O12: 51494 | P12: 2407 | Q12: 1519 | R12: 2475 | S12: 13460 | T12: 2810 | U12: 11396 | V12: 169 | W12: 239 | X12: 705 | Y12: 322 | Z12: 325 | AA12: 2632 | AB12: 368 | AC12: 945 | AD12: 48 | AE12: 1876 | AF12: 64 | AG12: 59 | AH12: 122 | AI12: 65 | AJ12: 94 | AK12: 144 | AL12: 91 | AM12: 104
A13: 1975 | B13: 25866 | C13: 5001 | D13: 107216 | E13: 10592 | F13: 24066 | G13: 2094 | H13: 9446 | I13: 5145 | J13: 6994 | K13: 4155 | L13: 6434 | M13: 5095 | N13: 3153 | O13: 59608 | P13: 2807 | Q13: 1745 | R13: 2791 | S13: 15425 | T13: 2830 | U13: 13190 | V13: 189 | W13: 246 | X13: 746 | Y13: 328 | Z13: 328 | AA13: 2845 | AB13: 359 | AC13: 1011 | AD13: 56 | AE13: 2028 | AF13: 63 | AG13: 61 | AH13: 133 | AI13: 86 | AJ13: 92 | AK13: 150 | AL13: 96 | AM13: 110
A14: 1980 | B14: 27897 | C14: 5580 | D14: 120694 | E14: 11419 | F14: 26901 | G14: 2390 | H14: 9849 | I14: 5804 | J14: 7989 | K14: 4591 | L14: 7283 | M14: 5643 | N14: 3678 | O14: 67761 | P14: 3266 | Q14: 1978 | R14: 3182 | S14: 17548 | T14: 2915 | U14: 15183 | V14: 211 | W14: 252 | X14: 780 | Y14: 337 | Z14: 325 | AA14: 3091 | AB14: 360 | AC14: 1085 | AD14: 67 | AE14: 2163 | AF14: 62 | AG14: 60 | AH14: 144 | AI14: 99 | AJ14: 89 | AK14: 148 | AL14: 101 | AM14: 118
A15: 1985 | B15: 30216 | C15: 6179 | D15: 135274 | E15: 12257 | F15: 29951 | G15: 2737 | H15: 10098 | I15: 6464 | J15: 9066 | K15: 4937 | L15: 8240 | M15: 6337 | N15: 4281 | O15: 75983 | P15: 3734 | Q15: 2219 | R15: 3676 | S15: 19773 | T15: 3012 | U15: 17320 | V15: 235 | W15: 256 | X15: 770 | Y15: 343 | Z15: 340 | AA15: 3263 | AB15: 369 | AC15: 1170 | AD15: 86 | AE15: 2336 | AF15: 62 | AG15: 63 | AH15: 165 | AI15: 105 | AJ15: 100 | AK15: 150 | AL15: 105 | AM15: 126
A16: 1990 | B16: 32619 | C16: 6865 | D16: 149003 | E16: 13275 | F16: 33103 | G16: 3119 | H16: 10597 | I16: 7133 | J16: 10231 | K16: 5270 | L16: 9264 | M16: 7038 | N16: 4955 | O16: 83943 | P16: 4173 | Q16: 2471 | R16: 4223 | S16: 22071 | T16: 3110 | U16: 19633 | V16: 256 | W16: 261 | X16: 743 | Y16: 389 | Z16: 358 | AA16: 3403 | AB16: 405 | AC16: 1221 | AD16: 116 | AE16: 2420 | AF16: 63 | AG16: 62 | AH16: 188 | AI16: 104 | AJ16: 96 | AK16: 147 | AL16: 107 | AM16: 138
A17: 1995 | B17: 34828 | C17: 7622 | D17: 162020 | E17: 14381 | F17: 36421 | G17: 3546 | H17: 10888 | I17: 7819 | J17: 11455 | K17: 5629 | L17: 10408 | M17: 7745 | N17: 5709 | O17: 91663 | P17: 4652 | Q17: 2740 | R17: 4777 | S17: 24299 | T17: 3224 | U17: 21931 | V17: 280 | W17: 266 | X17: 761 | Y17: 404 | Z17: 369 | AA17: 3568 | AB17: 442 | AC17: 1254 | AD17: 137 | AE17: 2534 | AF17: 69 | AG17: 80 | AH17: 207 | AI17: 107 | AJ17: 100 | AK17: 144 | AL17: 108 | AM17: 147
A18: 2000 | B18: 36871 | C18: 8418 | D18: 174790 | E18: 15342 | F18: 39630 | G18: 3962 | H18: 11126 | I18: 8471 | J18: 12681 | K18: 5888 | L18: 11651 | M18: 8464 | N18: 6575 | O18: 98900 | P18: 5069 | Q18: 3030 | R18: 5323 | S18: 26460 | T18: 3320 | U18: 24192 | V18: 298 | W18: 272 | X18: 747 | Y18: 422 | Z18: 387 | AA18: 3669 | AB18: 471 | AC18: 1267 | AD18: 163 | AE18: 2655 | AF18: 76 | AG18: 91 | AH18: 247 | AI18: 109 | AJ18: 103 | AK18: 132 | AL18: 108 | AM18: 157
A19: 2005 | B19: 38893 | C19: 9232 | D19: 186127 | E19: 16183 | F19: 42648 | G19: 4286 | H19: 11262 | I19: 9097 | J19: 13826 | K19: 6052 | L19: 13096 | M19: 9195 | N19: 7459 | O19: 106005 | P19: 5439 | Q19: 3330 | R19: 5824 | S19: 27866 | T19: 3322 | U19: 26432 | V19: 325 | W19: 276 | X19: 746 | Y19: 403 | Z19: 397 | AA19: 3632 | AB19: 499 | AC19: 1296 | AD19: 203 | AE19: 2740 | AF19: 81 | AG19: 100 | AH19: 284 | AI19: 108 | AJ19: 105 | AK19: 130 | AL19: 109 | AM19: 163
... A22: 2020 | B22: 45196 | C22: 11673 | D22: 212559 | E22: 19116 | F22: 50883 | G22: 5094 | H22: 11327 | I22: 10848 | J22: 17643 | K22: 6486 | L22: 17916 | M22: 11403 | N22: 9905 | O22: 128933 | P22: 6625 | Q22: 4315 | R22: 7133 | S22: 32972 | T22: 3474 | U22: 28436 | V22: 393 | W22: 287 | X22: 787 | Y22: 400 | Z22: 375 | AA22: 2861 | AB22: 587 | AC22: 1399 | AD22: 299 | AE22: 2961 | AF22: 98 | AG22: 107 | AH22: 398 | AI22: 104 | AJ22: 113 | AK22: 164 | AL22: 111 | AM22: 184

Sheet CEPAL годовые
A1: год | B1: Аргентина | C1: Боливия | D1: Бразилия | E1: Чили | F1: Колумбия | G1: Коста-Рика | H1: Куба | I1: Доминиканская Республика | J1: Эквадор | K1: Эль-Сальвадор | L1: Гватемала | M1: Гаити | N1: Гондурас | O1: Мексика | P1: Никарагуа | Q1: Панама | R1: Парагвай | S1: Перу | T1: Уругвай | U1: Венесуэла | V1: Багамы | W1: Барбадос | X1: Гайана | Y1: Гваделупа | Z1: Мартиника | AA1: Пуэрто-Рико | AB1: Суринам | AC1: Тринидад и Тобаго | AD1: Французская Гвиана | AE1: Ямайка | AF1: Антигуа и Барбуда | AG1: Аруба | AH1: Белиз | AI1: Виргинские острова США | AJ1: Гренада | AK1: Кюрасао | AL1: Сент-Винсент и Гренадины | AM1: Сент-Люсия
A2: 1920 | B2: 8861 | C2: 1918 | D2: 27404 | E2: 3783 | F2: 6057 | G2: 421 | H2: 2950 | I2: 1140 | J2: 1898 | K2: 1168 | L2: 1450 | M2: 2124 | N2: 783 | O2: 14500 | P2: 639 | Q2: 429 | R2: 699 | S2: 4862 | T2: 1391 | U2: 2408 | V2: 55 | W2: 155 | X2: 295 | Y2: 150 | Z2: 165 | AA2: 1312 | AB2: 130 | AC2: 389 | AD2: 26 | AE2: 855
A3: 1921 | B3: 9158.4586 | C3: 1937.6529 | D3: 27975.555 | E3: 3841.4419 | F3: 6176.2647 | G3: 427.6554 | H3: 3030.1564 | I3: 1162.5543 | J3: 1918.5731 | K3: 1194.1821 | L3: 1462.5498 | M3: 2150.0609 | N3: 798.4783 | O3: 14618.768 | P3: 648.2868 | Q3: 435.8619 | R3: 715.7895 | S3: 4932.944 | T3: 1420.1145 | U3: 2453.9139 | V3: 55.336 | W3: 155.152 | X3: 296.4 | Y3: 150.2848 | Z3: 165.2848 | AA3: 1335.7048 | AB3: 135.2608 | AC3: 389.116 | AD3: 26.4 | AE3: 867.5647
A4: 1922 | B4: 9456.4025 | C4: 1957.5926 | D4: 28550.621 | E4: 3900.3233 | F4: 6296.3133 | G4: 434.3969 | H4: 3110.9737 | I4: 1185.3701 | J4: 1939.553 | K4: 1220.4687 | L4: 1476.0622 | M4: 2176.4066 | N4: 814.0369 | O4: 14743.044 | P4: 657.652 | Q4: 442.7584 | R4: 732.6816 | S4: 5004.5021 | T4: 1449.4004 | U4: 2500.4494 | V4: 55.688 | W4: 155.316 | X4: 297.8 | Y4: 150.5984 | Z4: 165.5984 | AA4: 1359.4334 | AB4: 140.4064 | AC4: 389.253 | AD4: 26.8 | AE4: 880.3382
A5: 1923 | B5: 9755.3172 | C5: 1978.1058 | D5: 29132.709 | E5: 3960.0838 | F5: 6417.9295 | G5: 441.3108 | H5: 3193.1127 | I5: 1208.7087 | J5: 1961.3463 | K5: 1246.9643 | L5: 1491.4997 | M5: 2203.3218 | N5: 829.7565 | O5: 14878.336 | P5: 667.1737 | Q5: 449.7238 | R5: 749.779 | S5: 5077.2881 | T5: 1479.029 | U5: 2548.2278 | V5: 56.072 | W5: 155.504 | X5: 299.2 | Y5: 150.9696 | Z5: 165.9696 | AA5: 1383.2096 | AB5: 145.3216 | AC5: 389.432 | AD5: 27.2 | AE5: 893.5294
A6: 1924 | B6: 10055.688 | C6: 1999.4794 | D6: 29725.332 | E6: 4021.1628 | F6: 6541.8971 | G6: 448.4831 | H6: 3277.2346 | I6: 1232.8315 | J6: 1984.3597 | K6: 1273.7732 | L6: 1509.8247 | M6: 2231.0913 | N6: 845.7174 | O6: 15030.152 | P6: 676.9303 | Q6: 456.7929 | R6: 767.1842 | S6: 5151.916 | T6: 1509.1718 | U6: 2597.8709 | V6: 56.504 | W6: 155.728 | X6: 300.6 | Y6: 151.4272 | Z6: 166.4272 | AA6: 1407.0572 | AB6: 149.8912 | AC6: 389.674 | AD6: 27.6 | AE6: 907.347
A7: 1925 | B7: 10358 | C7: 2022 | D7: 30332 | E7: 4084 | F7: 6669 | G7: 456 | H7: 3364 | I7: 1258 | J7: 2009 | K7: 1301 | L7: 1532 | M7: 2260 | N7: 862 | O7: 15204 | P7: 687 | Q7: 464 | R7: 785 | S7: 5229 | T7: 1540 | U7: 2650 | V7: 57 | W7: 156 | X7: 302 | Y7: 152 | Z7: 167 | AA7: 1431 | AB7: 154 | AC7: 390 | AD7: 28 | AE7: 922
A8: 1926 | B8: 10670.087 | C8: 2045.8428 | D8: 30953.248 | E8: 4149.1327 | F8: 6798.838 | G8: 463.9051 | H8: 3456.1447 | I8: 1284.3546 | J8: 2035.6716 | K8: 1329.872 | L8: 1565.0683 | M8: 2290.2057 | N8: 878.8497 | O8: 15421.441 | P8: 697.3484 | Q8: 471.7244 | R8: 803.2007 | S8: 5308.7244 | T8: 1572.3613 | U8: 2705.1523 | V8: 57.6293 | W8: 156.36 | X8: 303.3123 | Y8: 152.9344 | Z8: 167.9344 | AA8: 1454.5574 | AB8: 157.7044 | AC8: 391.0761 | AD8: 28.464 | AE8: 937.7742
A9: 1927 | B9: 10991.646 | C9: 2070.9406 | D9: 31587.351 | E9: 4216.3627 | F9: 6931.0359 | G9: 472.1738 | H9: 3553.3851 | I9: 1311.8096 | J9: 2064.3475 | K9: 1360.3313 | L9: 1611.4595 | M9: 2321.6094 | N9: 896.2249 | O9: 15687.684 | P9: 707.9424 | Q9: 479.9479 | R9: 821.7357 | S9: 5390.8333 | T9: 1606.1703 | U9: 2763.1617 | V9: 58.408 | W9: 156.84 | X9: 304.537 | Y9: 154.3552 | Z9: 169.3552 | AA9: 1477.7143 | AB9: 161.1452 | AC9: 393.3782 | AD9: 28.992 | AE9: 954.6341
A10: 1928 | B10: 11310.963 | C10: 2097.217 | D10: 32234.429 | E10: 4285.0264 | F10: 7066.4148 | G10: 480.79 | H10: 3651.8531 | I10: 1340.2873 | J10: 2094.7877 | K10: 1390.5547 | L10: 1665.2166 | M10: 2354.1102 | N10: 913.7751 | O10: 15983.706 | P10: 718.8621 | Q10: 488.1093 | R10: 840.6705 | S10: 5475.28 | T10: 1640.1986 | U10: 2823.595 | V10: 59.272 | W10: 157.44 | X10: 305.8056 | Y10: 156.1088 | Z10: 171.1088 | AA10: 1501.1925 | AB10: 164.3339 | AC10: 396.6423 | AD10: 29.488 | AE10: 972.3071
A11: 1929 | B11: 11616.319 | C11: 2124.5956 | D11: 32894.605 | E11: 4354.4601 | F11: 7205.7958 | G11: 489.7374 | H11: 3747.6807 | I11: 1369.71 | J11: 2126.7519 | K11: 1418.7187 | L11: 1720.3824 | M11: 2387.6073 | N11: 931.1503 | O11: 16290.485 | P11: 730.1879 | Q11: 495.6471 | R11: 860.0701 | S11: 5562.0178 | T11: 1673.2179 | U11: 2886.0188 | V11: 60.1573 | W11: 158.16 | X11: 307.2494 | Y11: 158.0416 | Z11: 173.0416 | AA11: 1525.7138 | AB11: 167.2817 | AC11: 400.6043 | AD11: 29.856 | AE11: 990.52
A12: 1930 | B12: 11896 | C12: 2153 | D12: 33568 | E12: 4424 | F12: 7350 | G12: 499 | H12: 3837 | I12: 1400 | J12: 2160 | K12: 1443 | L12: 1771 | M12: 2422 | N12: 948 | O12: 16589 | P12: 742 | Q12: 502 | R12: 880 | S12: 5651 | T12: 1704 | U12: 2950 | V12: 61 | W12: 159 | X12: 309 | Y12: 160 | Z12: 175 | AA12: 1552 | AB12: 170 | AC12: 405 | AD12: 30 | AE12: 1009
A13: 1931 | B13: 12147.308 | C13: 2182.6038 | D13: 34253.64 | E13: 4493.6509 | F13: 7499.4292 | G13: 508.5476 | H13: 3919.5618 | I13: 1431.2984 | J13: 2194.8566 | K13: 1463.0371 | L13: 1817.2038 | M13: 2457.4093 | N13: 964.0368 | O13: 16877.984 | P13: 754.3151 | Q13: 506.78 | R13: 900.4903 | S13: 5742.4725 | T13: 1732.5916 | U13: 3015.6696 | V13: 61.7858 | W13: 160.1952 | X13: 311.3547 | Y13: 162.0774 | Z13: 177.0774 | AA13: 1580.733 | AB13: 172.4454 | AC13: 411.0255 | AD13: 30 | AE13: 1027.9044
... A31: 1949 | B31: 16694.159 | C31: 3018.3913 | D31: 52303.458 | E31: 6399.9285 | F31: 11612.328 | G31: 902.1124 | H31: 5736.915 | I31: 2286.9386 | J31: 3349.8714 | K31: 2120.3568 | L31: 3009.5279 | M31: 3188.792 | N31: 1486.7625 | O31: 26930.405 | P31: 1237.5014 | Q31: 828.7885 | R31: 1421.6279 | S31: 7656.6279 | T31: 2205.1994 | U31: 5234.721 | V31: 77.7689 | W31: 207.6319 | X31: 399.147 | Y31: 205.9487 | Z31: 218.8297 | AA31: 2208.1238 | AB31: 211.081 | AC31: 628.7243 | AD31: 25.52 | AE31: 1379.8406
A32: 1950 | B32: 17038 | C32: 3082 | D32: 53975 | E32: 6599 | F32: 11982 | G32: 946 | H32: 5920 | I32: 2365 | J32: 3470 | K32: 2200 | L32: 3115 | M32: 3221 | N32: 1547 | O32: 27945 | P32: 1295 | Q32: 860 | R32: 1473 | S32: 7777 | T32: 2239 | U32: 5482 | V32: 79 | W32: 211 | X32: 407 | Y32: 210 | Z32: 222 | AA32: 2218 | AB32: 215 | AC32: 646 | AD32: 25 | AE32: 1403 | AF32: 46 | AG32: 38 | AH32: 69 | AI32: 27 | AJ32: 77 | AK32: 100 | AL32: 67 | AM32: 83
A33: 1951 | B33: 17382.352 | C33: 3135.7484 | D33: 55623.054 | E33: 6759.2314 | F33: 12332.868 | G33: 981.495 | H33: 6062.2691 | I33: 2443.1873 | J33: 3572.7866 | K33: 2254.6685 | L33: 3216.4393 | M33: 3265.0171 | N33: 1595.8215 | O33: 28853.031 | P33: 1341.3043 | Q33: 886.1888 | R33: 1516.06 | S33: 7938.2469 | T33: 2267.8086 | U33: 5724.7827 | V33: 80.4598 | W33: 214.5693 | X33: 417.9172 | Y33: 214.337 | Z33: 225.7331 | AA33: 2215.712 | AB33: 220.038 | AC33: 663.6234 | AD33: 25.2023 | AE33: 1429.1782 | AF33: 46.8 | AG33: 39.056 | AH33: 71.1541 | AI33: 27.6 | AJ33: 77.6523 | AK33: 103.8231 | AL33: 68.4 | AM33: 83.5589
A34: 1952 | B34: 17733.59 | C34: 3184.0413 | D34: 57296.25 | E34: 6903.525 | F34: 12677.568 | G34: 1013.175 | H34: 6188.8948 | I34: 2523.1545 | J34: 3668.1392 | K34: 2299.8071 | L34: 3316.2473 | M34: 3320.1862 | N34: 1639.9222 | O34: 29710.28 | P34: 1382.9771 | Q34: 909.813 | R34: 1555.806 | S34: 8141.6863 | T34: 2294.002 | U34: 5972.338 | V34: 82.1794 | W34: 218.3914 | X34: 432.2225 | Y34: 219.1172 | Z34: 230.1117 | AA34: 2210.256 | AB34: 226.478 | AC34: 681.8855 | AD34: 25.7269 | AE34: 1458.4323 | AF34: 47.6 | AG34: 40.148 | AH34: 73.3197 | AI34: 28.2 | AJ34: 78.3415 | AK34: 107.5404 | AL34: 69.8 | AM34: 84.128
A35: 1953 | B35: 18087.752 | C35: 3230.36 | D35: 59001.318 | E35: 7040.1028 | F35: 13026.135 | G35: 1043.5076 | H35: 6306.286 | I35: 2605.6281 | J35: 3760.7986 | K35: 2340.9114 | L35: 3416.3357 | M35: 3382.6466 | N35: 1682.0122 | O35: 30554.113 | P35: 1422.7976 | Q35: 932.4428 | R35: 1594.122 | S35: 8372.6024 | T35: 2319.1912 | U35: 6224.802 | V35: 84.169 | W35: 222.0289 | X35: 448.6693 | Y35: 224.3288 | Z35: 235.0238 | AA35: 2203.744 | AB35: 233.799 | AC35: 700.7358 | AD35: 26.4503 | AE35: 1488.3973 | AF35: 48.4 | AG35: 41.312 | AH35: 75.5082 | AI35: 28.8 | AJ35: 79.1046 | AK35: 111.0462 | AL35: 71.2 | AM35: 84.7177
A36: 1954 | B36: 18440.877 | C36: 3278.1858 | D36: 60744.991 | E36: 7177.1871 | F36: 13388.601 | G36: 1074.9601 | H36: 6420.8515 | I36: 2691.3345 | J36: 3855.5053 | K36: 2383.4772 | L36: 3518.616 | M36: 3448.5381 | N36: 1724.8015 | O36: 31421.898 | P36: 1463.5455 | Q36: 955.6484 | R36: 1632.8921 | S36: 8616.2789 | T36: 2344.9869 | U36: 6482.3107 | V36: 86.4391 | W36: 225.0443 | X36: 466.0107 | Y36: 229.9603 | Z36: 240.3573 | AA36: 2198.288 | AB36: 241.48 | AC36: 720.1241 | AD36: 27.2491 | AE36: 1516.7083 | AF36: 49.2 | AG36: 42.584 | AH36: 77.7311 | AI36: 29.4 | AJ36: 79.9785 | AK36: 114.2347 | AL36: 72.6 | AM36: 85.3383
A37: 1955 | B37: 18789 | C37: 3331 | D37: 62534 | E37: 7323 | F37: 13775 | G37: 1110 | H37: 6539 | I37: 2781 | J37: 3957 | K37: 2433 | L37: 3625 | M37: 3514 | N37: 1771 | O37: 32351 | P37: 1508 | Q37: 981 | R37: 1674 | S37: 8858 | T37: 2373 | U37: 6745 | V37: 89 | W37: 227 | X37: 483 | Y37: 236 | Z37: 246 | AA37: 2196 | AB37: 249 | AC37: 740 | AD37: 28 | AE37: 1541 | AF37: 50 | AG37: 44 | AH37: 80 | AI37: 30 | AJ37: 81 | AK37: 117 | AL37: 74 | AM37: 86
A38: 1956 | B38: 19131.491 | C38: 3389.7869 | D38: 64366.394 | E38: 7478.4566 | F38: 14190.803 | G38: 1149.4116 | H38: 6657.5541 | I38: 2875.6813 | J38: 4065.7548 | K38: 2490.654 | L38: 3735.8992 | M38: 3579.6587 | N38: 1820.9505 | O38: 33349.812 | P38: 1556.8557 | Q38: 1008.7538 | R38: 1717.4575 | S38: 9098.5525 | T38: 2404.0985 | U38: 7013.0711 | V38: 92.1276 | W38: 228.1072 | X38: 500.0541 | Y38: 243.0746 | Z38: 252.4025 | AA38: 2201.9705 | AB38: 256.4269 | AC38: 761.526 | AD38: 28.6919 | AE38: 1560.5706 | AF38: 50.7858 | AG38: 45.8523 | AH38: 82.3037 | AI38: 30.5328 | AJ38: 82.4392 | AK38: 119.3883 | AL38: 75.4373 | AM38: 86.7013
A39: 1957 | B39: 19471.029 | C39: 3452.6382 | D39: 66240.277 | E39: 7638.2685 | F39: 14631.677 | G39: 1191.8875 | H39: 6772.2506 | I39: 2975.2993 | J39: 4178.9818 | K39: 2553.4822 | L39: 3850.25 | M39: 3648.3037 | N39: 1873.0037 | O39: 34397.618 | P39: 1608.4858 | Q39: 1038.0039 | R39: 1762.0867 | S39: 9348.532 | T39: 2437.3451 | U39: 7286.7033 | V39: 95.9712 | W39: 228.9456 | X39: 518.0453 | Y39: 251.2958 | Z39: 259.7354 | AA39: 2217.8714 | AB39: 264.1217 | AC39: 784.7744 | AD39: 29.413 | AE39: 1577.4391 | AF39: 51.5573 | AG39: 48.1569 | AH39: 84.6363 | AI39: 30.9984 | AJ39: 84.3484 | AK39: 121.5427 | AL39: 76.912 | AM39: 87.4409
A40: 1958 | B40: 19808.622 | C40: 3518.696 | D40: 68162.463 | E40: 7801.352 | F40: 15092.949 | G40: 1236.7575 | H40: 6887.8701 | I40: 3078.8767 | J40: 4296.5314 | K40: 2620.7833 | L40: 3967.7512 | M40: 3719.3194 | N40: 1926.8816 | O40: 35488.117 | P40: 1662.1882 | Q40: 1068.577 | R40: 1807.9871 | S40: 9607.9351 | T40: 2471.6425 | U40: 7565.9999 | V40: 100.351 | W40: 229.6304 | X40: 536.4093 | Y40: 259.8797 | Z40: 267.4671 | AA40: 2240.6871 | AB40: 272.0032 | AC40: 808.0598 | AD40: 30.1881 | AE40: 1593.3224 | AF40: 52.336 | AG40: 50.5354 | AH40: 87.017 | AI40: 31.4976 | AJ40: 86.438 | AK40: 123.503 | AL40: 78.368 | AM40: 88.2299
A41: 1959 | B41: 20145.277 | C41: 3587.1025 | D41: 70139.765 | E41: 7966.6237 | F41: 15569.948 | G41: 1283.3517 | H41: 7009.1931 | I41: 3185.436 | J41: 4418.254 | K41: 2691.8563 | L41: 4088.1016 | M41: 3792.0901 | N41: 1982.3063 | O41: 36615.01 | P41: 1717.2603 | Q41: 1100.3001 | R41: 1855.2584 | S41: 9876.7589 | T41: 2505.8933 | U41: 7851.0644 | V41: 105.0872 | W41: 230.2768 | X41: 554.5823 | Y41: 268.0424 | Z41: 275.0658 | AA41: 2267.4018 | AB41: 279.9897 | AC41: 829.6968 | AD41: 31.0421 | AE41: 1609.9371 | AF41: 53.1431 | AG41: 52.6092 | AH41: 89.4652 | AI41: 32.1312 | AJ41: 88.4184 | AK41: 125.3088 | AL41: 79.7493 | AM41: 89.0793
A42: 1960 | B42: 20482 | C42: 3657 | D42: 72179 | E42: 8133 | F42: 16058 | G42: 1331 | H42: 7141 | I42: 3294 | J42: 4544 | K42: 2766 | L42: 4211 | M42: 3866 | N42: 2039 | O42: 37772 | P42: 1773 | Q42: 1133 | R42: 1904 | S42: 10155 | T42: 2539 | U42: 8142 | V42: 110 | W42: 231 | X42: 572 | Y42: 275 | Z42: 282 | AA42: 2295 | AB42: 288 | AC42: 848 | AD42: 32 | AE42: 1629 | AF42: 54 | AG42: 54 | AH42: 92 | AI42: 33 | AJ42: 90 | AK42: 127 | AL42: 81 | AM42: 90
A43: 1961 | B43: 20817.876 | C43: 3728.6013 | D43: 74302.924 | E43: 8302.3709 | F43: 16563.532 | G43: 1380.6832 | H43: 7289.5863 | I43: 3405.3731 | J43: 4674.297 | K43: 2845.0372 | L43: 4336.4641 | M43: 3941.459 | N43: 2096.8074 | O43: 38963.024 | P43: 1829.322 | Q43: 1166.9756 | R43: 1954.4568 | S43: 10445.211 | T43: 2571.5754 | U43: 8439.3522 | V43: 115.3386 | W43: 231.8 | X43: 589.065 | Y43: 280.7511 | Z43: 288.5235 | AA43: 2329.4382 | AB43: 296.1016 | AC43: 863.5501 | AD43: 33.1276 | AE43: 1651.7152 | AF43: 54.9289 | AG43: 54.826 | AH43: 94.6323 | AI43: 34.9108 | AJ43: 91.3429 | AK43: 128.5186 | AL43: 82.1067 | AM43: 91.019
... A102: 2020 | B102: 45196 | C102: 11673 | D102: 212559 | E102: 19116 | F102: 50883 | G102: 5094 | H102: 11327 | I102: 10848 | J102: 17643 | K102: 6486 | L102: 17916 | M102: 11403 | N102: 9905 | O102: 128933 | P102: 6625 | Q102: 4315 | R102: 7133 | S102: 32972 | T102: 3474 | U102: 28436 | V102: 393 | W102: 287 | X102: 787 | Y102: 400 | Z102: 375 | AA102: 2861 | AB102: 587 | AC102: 1399 | AD102: 299 | AE102: 2961 | AF102: 98 | AG102: 107 | AH102: 398 | AI102: 104 | AJ102: 113 | AK102: 164 | AL102: 111 | AM102: 184

Sheet SALA WPP 195x и Бриньоли
A1: год | B1: Мексика | C1: Гватемала | D1: Гондурас | E1: Сальвадор | F1: Никарагуа | G1: Коста-Рика | H1: Панама | I1: Куба | J1: Гаити | K1: Доминиканская республика | L1: Пуэрто-Рико | M1: Венесуэла | N1: Колумбия | O1: Эквадор | P1: Перу | Q1: Боливия | R1: Чили | S1: Бразилия | T1: Парагвай | U1: Уругвай | V1: Аргентина | W1: вся Латинская Америка | X1: неиспанские Карибы по Булмер-Томасу | Y1: Багамы | Z1: Барбадос | AA1: Белиз | AB1: Гайана | AC1: Ямайка | AD1: Суринам | AE1: Тринидад и Тобаго | AF1: Французские колонии | AG1: Нидерландские Антильские острова | AH1: иные британские колонии | AI1: Виргинские острова США
A2: 1900 | B2: 13603.5 | C2: 1234.484 | D2: 504.995 | E2: 875.5 | F2: 447.5 | G2: 283.438 | H2: 296.249 | I2: 1612.833 | J2: 1387.899 | K2: 556.592 | L2: 967.412 | M2: 2314.3 | N2: 4019.588 | O2: 1269.481 | P2: 3198.228 | Q2: 1766.226 | R2: 2907.5 | S2: 18092 | T2: 494.528 | U2: 939.324 | V2: 4649.859 | W2: 62314.456 | X2: 2544.975 | Y2: 55.512 | Z2: 194.5 | AA2: 36.998 | AB2: 294.943 | AC2: 748.53 | AD2: 92.968 | AE2: 268.449 | AF2: 424.942 | AG2: 45.6 | AH2: 349.207 | AI2: 33.326
A3: 1901 | B3: 13772.682 | C3: 1256.758 | D3: 518.6 | E3: 892.261 | F3: 456.812 | G3: 289.294 | H3: 302.156 | I3: 1658.554 | J3: 1419.093 | K3: 568.467 | L3: 981.574 | M3: 2330.583 | N3: 4076.364 | O3: 1282.795 | P3: 3275.545 | Q3: 1780.722 | R3: 2943.501 | S3: 18494.026 | T3: 508.164 | U3: 952.337 | V3: 4794.495 | W3: 63443.069 | X3: 2557.31 | Y3: 55.551 | Z3: 194.101 | AA3: 37.386 | AB3: 296.545 | AC3: 757.575 | AD3: 95.594 | AE3: 275.715 | AF3: 424.408 | AG3: 46.263 | AH3: 347.732 | AI3: 32.939
A4: 1902 | B4: 13949.183 | C4: 1279.567 | D4: 532.543 | E4: 909.39 | F4: 466.054 | G4: 295.123 | H4: 307.592 | I4: 1713.898 | J4: 1450.154 | K4: 579.965 | L4: 995.862 | M4: 2347.625 | N4: 4133.786 | O4: 1296.06 | P4: 3353.331 | Q4: 1795.114 | R4: 2979.81 | S4: 18887.674 | T4: 521.288 | U4: 976.811 | V4: 4948.105 | W4: 64600.287 | X4: 2568.04 | Y4: 55.585 | Z4: 192.993 | AA4: 37.733 | AB4: 298.239 | AC4: 766.506 | AD4: 98.208 | AE4: 282.646 | AF4: 422.949 | AG4: 47.08 | AH4: 343.725 | AI4: 32.422
A5: 1903 | B5: 14133.367 | C5: 1301.89 | D5: 546.726 | E5: 925.866 | F5: 475.273 | G5: 301.842 | H5: 313.559 | I5: 1777.266 | J5: 1480.716 | K5: 591.236 | L5: 1010.303 | M5: 2364.929 | N5: 4192.051 | O5: 1309.334 | P5: 3431.586 | Q5: 1810.338 | R5: 3016.012 | S5: 19286.591 | T5: 534.503 | U5: 1003.273 | V5: 5096.946 | W5: 65782.572 | X5: 2577.404 | Y5: 55.616 | Z5: 191.304 | AA5: 38.048 | AB5: 299.964 | AC5: 775.238 | AD5: 100.766 | AE5: 289.251 | AF5: 420.784 | AG5: 48.022 | AH5: 337.815 | AI5: 31.806
A6: 1904 | B6: 14308.102 | C6: 1324.713 | D6: 561.05 | E6: 942.167 | F6: 485.013 | G6: 308.866 | H6: 319.557 | I6: 1828.562 | J6: 1511.917 | K6: 602.431 | L6: 1024.925 | M6: 2382.001 | N6: 4251.358 | O6: 1322.682 | P6: 3510.311 | Q6: 1825.333 | R6: 3052.19 | S6: 19691.926 | T6: 546.914 | U6: 1024.748 | V6: 5264.778 | W6: 66986.386 | X6: 2585.639 | Y6: 55.643 | Z6: 189.167 | AA6: 38.34 | AB6: 301.657 | AC6: 783.683 | AD6: 103.226 | AE6: 295.538 | AF6: 418.13 | AG6: 49.055 | AH6: 330.63 | AI6: 31.124
A7: 1905 | B7: 14484.251 | C7: 1347.516 | D7: 575.419 | E7: 958.773 | F7: 494.322 | G7: 316.114 | H7: 325.587 | I7: 1887.69 | J7: 1542.892 | K7: 613.701 | L7: 1039.756 | M7: 2406.844 | N7: 4311.905 | O7: 1336.163 | P7: 3589.505 | Q7: 1841.034 | R7: 3088.93 | S7: 20104.325 | T7: 559.125 | U7: 1053.264 | V7: 5466.858 | W7: 68208.193 | X7: 2592.985 | Y7: 55.666 | Z7: 186.71 | AA7: 38.619 | AB7: 303.258 | AC7: 791.754 | AD7: 105.544 | AE7: 301.515 | AF7: 415.204 | AG7: 50.148 | AH7: 322.798 | AI7: 30.407
A8: 1906 | B8: 14652.68 | C8: 1365.284 | D8: 587.234 | E8: 974.663 | F8: 503.745 | G8: 323.002 | H8: 331.651 | I8: 1952.05 | J8: 1574.777 | K8: 625.195 | L8: 1054.823 | M8: 2431.464 | N8: 4415.388 | O8: 1349.841 | P8: 3669.169 | Q8: 1856.38 | R8: 3125.815 | S8: 20523.934 | T8: 567.739 | U8: 1081.348 | V8: 5696.447 | W8: 69444.454 | X8: 2599.678 | Y8: 55.685 | Z8: 184.065 | AA8: 38.895 | AB8: 304.705 | AC8: 799.366 | AD8: 107.678 | AE8: 307.19 | AF8: 412.225 | AG8: 51.268 | AH8: 314.949 | AI8: 29.686
A9: 1907 | B9: 14810.254 | C9: 1383.498 | D9: 598.397 | E9: 990.315 | F9: 511.329 | G9: 330.448 | H9: 337.75 | I9: 2019.547 | J9: 1606.709 | K9: 637.065 | L9: 1070.155 | M9: 2456.365 | N9: 4520.008 | O9: 1363.775 | P9: 3749.301 | Q9: 1872.307 | R9: 3162.931 | S9: 20951.903 | T9: 576.862 | U9: 1112.525 | V9: 5959.8 | W9: 70691.633 | X9: 2605.959 | Y9: 55.7 | Z9: 181.362 | AA9: 39.176 | AB9: 305.937 | AC9: 806.433 | AD9: 109.584 | AE9: 312.573 | AF9: 409.408 | AG9: 52.385 | AH9: 307.71 | AI9: 28.995
A10: 1908 | B10: 14952.838 | C10: 1401.141 | D10: 609.811 | E10: 1006.21 | F10: 518.618 | G10: 337.867 | H10: 343.885 | I10: 2088.583 | J10: 1619.824 | K10: 649.462 | L10: 1085.778 | M10: 2482.551 | N10: 4626.961 | O10: 1378.028 | P10: 3829.903 | Q10: 1887.753 | R10: 3201.86 | S10: 21389.376 | T10: 586.095 | U10: 1081.322 | V10: 6235.678 | W10: 71946.192 | X10: 2612.064 | Y10: 55.71 | Z10: 178.731 | AA10: 39.473 | AB10: 306.894 | AC10: 812.866 | AD10: 111.218 | AE10: 317.671 | AF10: 406.972 | AG10: 53.466 | AH10: 301.71 | AI10: 28.364
A11: 1909 | B11: 15077.299 | C11: 1419.196 | D11: 620.378 | E11: 1021.324 | F11: 526.66 | G11: 344.677 | H11: 350.057 | I11: 2158.061 | J11: 1673.758 | K11: 662.534 | L11: 1101.721 | M11: 2508.528 | N11: 4735.446 | O11: 1392.662 | P11: 3910.974 | Q11: 1903.655 | R11: 3241.689 | S11: 21836.002 | T11: 595.545 | U11: 1114.267 | V11: 6491.839 | W11: 73204.593 | X11: 2618.232 | Y11: 55.717 | Z11: 176.303 | AA11: 39.794 | AB11: 307.512 | AC11: 818.58 | AD11: 112.538 | AE11: 322.492 | AF11: 405.134 | AG11: 54.479 | AH11: 297.578 | AI11: 27.826
A12: 1910 | B12: 15180 | C12: 1437.147 | D12: 631 | E12: 1036.639 | F12: 534.5 | G12: 351.794 | H12: 356.267 | I12: 2225.884 | J12: 1708.647 | K12: 676.434 | L12: 1118.012 | M12: 2534.8 | N12: 4846.661 | O12: 1408.239 | P12: 3992.515 | Q12: 1918.951 | R12: 3282.5 | S12: 22293.928 | T12: 605.314 | U12: 1145.386 | V12: 6784.54 | W12: 74463.3 | X12: 2624.701 | Y12: 55.719 | Z12: 174.209 | AA12: 40.15 | AB12: 307.732 | AC12: 823.489 | AD12: 113.501 | AE12: 327.044 | AF12: 404.112 | AG12: 55.392 | AH12: 295.941 | AI12: 27.412
